INSERT INTO dim_customer VALUES 
(1,'Constance Walton'),
(2,'Blanca Rice'),
(3,'Elaine Paul'),
(4,'Lee Carlson'),
(5,'Alyssa Figueroa'),
(6,'Harriet Todd'),
(7,'Juan Quinn'),
(8,'Nathaniel Allison'),
(9,'Garry Pittman'),
(10,'Grady Boyd'),
(11,'Hugh Ramos'),
(12,'Curtis Estrada'),
(13,'Bradley Parks'),
(14,'Claire Ortiz'),
(15,'Pedro Mckinney'),
(16,'Wanda Lloyd'),
(17,'Grant Soto'),
(18,'Wm Lambert'),
(19,'Clint Terry'),
(20,'Jill Massey'),
(21,'Kendra Frank'),
(22,'Marta Mcguire'),
(23,'Patricia Baker'),
(24,'Ellis Smith'),
(25,'Darin Marshall'),
(26,'Fredrick Bowman'),
(27,'Marjorie Ingram'),
(28,'Sharon Mathis'),
(29,'Lynn Curry'),
(30,'April Banks'),
(31,'Brandy Richards'),
(32,'Garrett Clayton'),
(33,'Darren Marsh'),
(34,'Ron Romero'),
(35,'Alonzo Rowe'),
(36,'Donald Haynes'),
(37,'Debbie Young'),
(38,'Gwen Bradley'),
(39,'Esther Ballard'),
(40,'Ivan Snyder'),
(41,'Donna Nelson'),
(42,'Ruben Edwards'),
(43,'Angelina Owen'),
(44,'Johanna Mills'),
(45,'Vera Malone'),
(46,'Edna Powers'),
(47,'Ismael Gross'),
(48,'Paula Buchanan'),
(49,'Lori Howard'),
(50,'Damon Morgan'),
(51,'Leslie Kim'),
(52,'Evelyn Hawkins'),
(53,'Carlton Craig'),
(54,'Elsa Kelly'),
(55,'Eva Hall'),
(56,'Kenny Hanson'),
(57,'Jeanne Kennedy'),
(58,'Theresa Davidson'),
(59,'Betty Park'),
(60,'Lonnie Garrett'),
(61,'Lindsey Morton'),
(62,'Tom Norris'),
(63,'Glenda Lindsey'),
(64,'Roxanne Mckenzie'),
(65,'Leona Hines'),
(66,'Doris Burton'),
(67,'Joe Pope'),
(68,'Tim Stevens'),
(69,'Miriam Glover'),
(70,'Alfonso Doyle'),
(71,'Angelo Lewis'),
(72,'Wade Johnston'),
(73,'Cora Martin'),
(74,'Carlos Pearson'),
(75,'Monique Hunt'),
(76,'Christie Reese'),
(77,'Anne West'),
(78,'Nicholas Holmes'),
(79,'Max Hudson'),
(80,'Van Montgomery'),
(81,'Geneva Nichols'),
(82,'Ben Reyes'),
(83,'Malcolm Mcdaniel'),
(84,'Wayne Harris'),
(85,'Claude Ramirez'),
(86,'Leland Guzman'),
(87,'Simon Blair'),
(88,'Louis Ortega'),
(89,'Ed Copeland'),
(90,'Thelma Peters'),
(91,'Tina Henry'),
(92,'Brooke Moreno'),
(93,'Angie Perry'),
(94,'Jay Wilkins'),
(95,'Darrel Guerrero'),
(96,'Darrin Pratt'),
(97,'Stacey Strickland'),
(98,'Marvin Wood'),
(99,'Rick Vasquez'),
(100,'Henrietta Powell');

INSERT INTO dim_supplier VALUES 
(1,'Wuddlemooglie'),
(2,'Schnookumwookumface'),
(3,'Cutiecake'),
(4,'Poochiepookiegoo'),
(5,'Moofiecutiekins'),
(6,'Smoochmush'),
(7,'Sweetiepoo'),
(8,'Snookumbunny'),
(9,'Schmoopieschnookum'),
(10,'Babysnoogle');

INSERT INTO dim_location VALUES 
(1,'Seiling'),
(2,'Thompson Falls'),
(3,'Detroit'),
(4,'Braswell'),
(5,'Forked River'),
(6,'St. Vincent'),
(7,'Eureka Mill'),
(8,'Woodcock'),
(9,'Richton'),
(10,'La Parguera'),
(11,'Pickstown'),
(12,'Sportsmen Acres'),
(13,'Vienna'),
(14,'Atascocita'),
(15,'North Caldwell'),
(16,'Brush Fork'),
(17,'Kasaan'),
(18,'Sawyer'),
(19,'Midway City'),
(20,'Harlingen'),
(21,'Maplesville'),
(22,'Rest Haven'),
(23,'Des Peres'),
(24,'Hide-A-Way Hills'),
(25,'Central Heights'),
(26,'Nikolai'),
(27,'Shallowater'),
(28,'Atlanta'),
(29,'Plainfield Village'),
(30,'Highwood'),
(31,'Flaxville'),
(32,'Lugoff'),
(33,'Pike Road'),
(34,'Bokchito'),
(35,'St. Benedict'),
(36,'Mount Washington'),
(37,'French Island'),
(38,'Tabernash'),
(39,'Grass Valley'),
(40,'Piqua'),
(41,'Negaunee'),
(42,'Oceanport'),
(43,'Ocoee'),
(44,'Fairmead'),
(45,'Jackson Junction'),
(46,'Lindon'),
(47,'Carlin'),
(48,'Paguate'),
(49,'Wind Ridge'),
(50,'Gonvick');

INSERT INTO dim_product VALUES 
(1,'ribald'),
(2,'horse yoke'),
(3,'hide armor'),
(4,'mandolin'),
(5,'stone knife'),
(6,'Helmet, Open Faced'),
(7,'blowgun needle,barbed'),
(8,'woodland suit'),
(9,'Chain Mail'),
(10,'lyre');

INSERT INTO dim_date VALUES 
('2016-10-19'),('2016-10-18'),('2016-10-17'),('2016-10-16'),('2016-10-15'),('2016-10-14'),('2016-10-13'),('2016-10-12'),('2016-10-11'),('2016-10-10'),('2016-10-09'),('2016-10-08'),('2016-10-07'),('2016-10-06'),('2016-10-05'),('2016-10-04'),('2016-10-03'),('2016-10-02'),('2016-10-01'),('2016-09-30'),('2016-09-29'),('2016-09-28'),('2016-09-27'),('2016-09-26'),('2016-09-25'),('2016-09-24'),('2016-09-23'),('2016-09-22'),('2016-09-21'),('2016-09-20'),('2016-09-19'),('2016-09-18'),('2016-09-17'),('2016-09-16'),('2016-09-15'),('2016-09-14'),('2016-09-13'),('2016-09-12'),('2016-09-11'),('2016-09-10'),('2016-09-09'),('2016-09-08'),('2016-09-07'),('2016-09-06'),('2016-09-05'),('2016-09-04'),('2016-09-03'),('2016-09-02'),('2016-09-01'),('2016-08-31'),('2016-08-30'),('2016-08-29'),('2016-08-28'),('2016-08-27'),('2016-08-26'),('2016-08-25'),('2016-08-24'),('2016-08-23'),('2016-08-22'),('2016-08-21'),('2016-08-20'),('2016-08-19'),('2016-08-18'),('2016-08-17'),('2016-08-16'),('2016-08-15'),('2016-08-14'),('2016-08-13'),('2016-08-12'),('2016-08-11'),('2016-08-10'),('2016-08-09'),('2016-08-08'),('2016-08-07'),('2016-08-06'),('2016-08-05'),('2016-08-04'),('2016-08-03'),('2016-08-02'),('2016-08-01'),('2016-07-31'),('2016-07-30'),('2016-07-29'),('2016-07-28'),('2016-07-27'),('2016-07-26'),('2016-07-25'),('2016-07-24'),('2016-07-23'),('2016-07-22'),('2016-07-21'),('2016-07-20'),('2016-07-19'),('2016-07-18'),('2016-07-17'),('2016-07-16'),('2016-07-15'),('2016-07-14'),('2016-07-13'),('2016-07-12');

INSERT INTO fact_sales VALUES 
(91, 35, 9, 49, '2016-09-13', 7, '2016-09-13 21:55:55'),
(555, 13, 8, 27, '2016-09-18', 4, '2016-09-18 16:39:43'),
(45, 63, 7, 22, '2016-08-20', 5, '2016-08-20 16:37:18'),
(750, 17, 6, 49, '2016-10-12', 1, '2016-10-12 20:41:32'),
(684, 46, 8, 38, '2016-07-29', 7, '2016-07-29 22:57:07'),
(180, 21, 9, 12, '2016-07-22', 8, '2016-07-22 00:41:21'),
(247, 96, 8, 3, '2016-09-27', 5, '2016-09-27 19:24:20'),
(500, 61, 1, 45, '2016-10-08', 6, '2016-10-08 20:01:39'),
(224, 38, 9, 11, '2016-08-12', 2, '2016-08-12 14:55:40'),
(500, 44, 8, 18, '2016-07-27', 4, '2016-07-27 07:24:45'),
(115, 61, 7, 23, '2016-08-30', 6, '2016-08-30 08:12:07'),
(691, 95, 1, 37, '2016-10-03', 9, '2016-10-03 00:00:52'),
(549, 34, 6, 5, '2016-08-01', 2, '2016-08-01 22:03:27'),
(286, 99, 7, 16, '2016-08-16', 1, '2016-08-16 15:58:46'),
(959, 30, 2, 39, '2016-08-14', 8, '2016-08-14 16:57:01'),
(407, 63, 1, 16, '2016-07-23', 6, '2016-07-23 13:48:02'),
(861, 4, 9, 48, '2016-09-12', 2, '2016-09-12 03:12:54'),
(736, 25, 2, 38, '2016-08-25', 2, '2016-08-25 19:41:23'),
(651, 46, 6, 27, '2016-08-26', 9, '2016-08-26 05:02:39'),
(590, 46, 5, 23, '2016-08-16', 5, '2016-08-16 20:47:33'),
(721, 82, 4, 5, '2016-08-17', 4, '2016-08-17 23:16:09'),
(392, 10, 8, 20, '2016-10-11', 8, '2016-10-11 15:32:36'),
(698, 72, 6, 37, '2016-09-14', 5, '2016-09-14 19:51:41'),
(516, 31, 3, 12, '2016-08-26', 10, '2016-08-26 02:21:29'),
(61, 98, 8, 19, '2016-09-22', 3, '2016-09-22 14:27:41'),
(541, 32, 10, 45, '2016-07-31', 3, '2016-07-31 10:04:53'),
(643, 81, 2, 28, '2016-08-18', 4, '2016-08-18 13:42:26'),
(40, 65, 10, 31, '2016-10-06', 1, '2016-10-06 15:01:39'),
(509, 3, 7, 19, '2016-08-19', 8, '2016-08-19 05:23:36'),
(154, 26, 8, 47, '2016-09-29', 2, '2016-09-29 22:00:43'),
(840, 50, 5, 37, '2016-07-29', 2, '2016-07-29 11:16:37'),
(1, 4, 5, 22, '2016-09-12', 3, '2016-09-12 06:26:07'),
(542, 66, 1, 8, '2016-08-01', 10, '2016-08-01 04:28:31'),
(605, 63, 9, 22, '2016-08-23', 4, '2016-08-23 06:51:27'),
(733, 20, 7, 16, '2016-09-30', 2, '2016-09-30 20:21:18'),
(385, 95, 3, 4, '2016-09-23', 9, '2016-09-23 07:09:52'),
(880, 25, 1, 2, '2016-08-31', 3, '2016-08-31 15:45:02'),
(92, 55, 7, 7, '2016-08-07', 10, '2016-08-07 17:22:30'),
(551, 69, 8, 22, '2016-10-15', 8, '2016-10-15 20:02:53'),
(119, 98, 7, 42, '2016-09-19', 2, '2016-09-19 21:16:39'),
(344, 49, 6, 20, '2016-07-13', 8, '2016-07-13 11:59:48'),
(631, 34, 3, 39, '2016-08-13', 2, '2016-08-13 13:50:29'),
(431, 65, 2, 26, '2016-08-06', 3, '2016-08-06 05:11:35'),
(48, 91, 8, 13, '2016-07-23', 4, '2016-07-23 20:30:46'),
(947, 71, 6, 27, '2016-09-29', 7, '2016-09-29 02:56:14'),
(68, 45, 7, 28, '2016-08-18', 3, '2016-08-18 07:10:44'),
(555, 32, 3, 32, '2016-09-20', 5, '2016-09-20 21:41:16'),
(364, 6, 4, 9, '2016-09-03', 10, '2016-09-03 11:36:50'),
(139, 27, 4, 27, '2016-09-16', 4, '2016-09-16 10:44:35'),
(436, 32, 3, 25, '2016-07-30', 4, '2016-07-30 09:22:41'),
(870, 3, 1, 49, '2016-08-27', 6, '2016-08-27 00:13:21'),
(576, 96, 3, 47, '2016-08-24', 5, '2016-08-24 07:06:22'),
(372, 12, 3, 28, '2016-07-12', 4, '2016-07-12 10:37:22'),
(710, 7, 8, 21, '2016-10-04', 1, '2016-10-04 04:54:09'),
(555, 79, 4, 42, '2016-08-03', 9, '2016-08-03 18:35:36'),
(980, 18, 7, 43, '2016-07-22', 5, '2016-07-22 17:45:46'),
(391, 65, 10, 45, '2016-08-07', 2, '2016-08-07 07:42:25'),
(46, 78, 4, 19, '2016-07-19', 1, '2016-07-19 08:09:02'),
(657, 69, 6, 37, '2016-09-12', 3, '2016-09-12 02:34:11'),
(16, 30, 8, 2, '2016-07-12', 9, '2016-07-12 19:08:59'),
(114, 41, 5, 8, '2016-08-13', 9, '2016-08-13 17:05:53'),
(654, 35, 6, 12, '2016-08-06', 7, '2016-08-06 14:54:46'),
(635, 53, 5, 16, '2016-08-09', 5, '2016-08-09 06:52:27'),
(518, 85, 4, 18, '2016-09-03', 9, '2016-09-03 20:35:00'),
(371, 81, 10, 21, '2016-10-09', 7, '2016-10-09 23:54:09'),
(844, 81, 2, 23, '2016-08-20', 6, '2016-08-20 15:59:57'),
(126, 38, 2, 49, '2016-08-07', 7, '2016-08-07 04:13:13'),
(15, 9, 4, 44, '2016-10-02', 2, '2016-10-02 11:49:32'),
(336, 86, 3, 26, '2016-10-08', 8, '2016-10-08 12:01:03'),
(122, 34, 2, 33, '2016-09-22', 2, '2016-09-22 12:20:53'),
(8, 86, 7, 4, '2016-07-21', 5, '2016-07-21 10:27:18'),
(852, 7, 5, 7, '2016-09-21', 7, '2016-09-21 05:18:16'),
(364, 68, 9, 28, '2016-08-22', 9, '2016-08-22 03:38:15'),
(121, 64, 10, 40, '2016-08-06', 10, '2016-08-06 00:59:32'),
(257, 37, 2, 19, '2016-09-23', 1, '2016-09-23 11:25:33'),
(157, 18, 2, 8, '2016-09-10', 2, '2016-09-10 06:01:08'),
(757, 85, 1, 31, '2016-10-10', 10, '2016-10-10 17:53:38'),
(150, 72, 6, 50, '2016-07-23', 3, '2016-07-23 01:08:46'),
(414, 32, 8, 42, '2016-08-16', 5, '2016-08-16 03:13:36'),
(593, 53, 5, 12, '2016-07-19', 4, '2016-07-19 13:36:36'),
(315, 63, 5, 24, '2016-08-08', 10, '2016-08-08 13:59:41'),
(229, 31, 4, 50, '2016-08-17', 2, '2016-08-17 05:24:56'),
(724, 58, 5, 38, '2016-08-21', 8, '2016-08-21 16:07:16'),
(587, 42, 4, 28, '2016-07-29', 1, '2016-07-29 18:24:26'),
(539, 17, 2, 21, '2016-08-06', 2, '2016-08-06 16:55:28'),
(784, 61, 10, 39, '2016-08-29', 1, '2016-08-29 08:04:15'),
(617, 52, 4, 18, '2016-08-31', 4, '2016-08-31 07:16:06'),
(634, 76, 1, 40, '2016-09-03', 8, '2016-09-03 16:50:26'),
(735, 33, 6, 5, '2016-08-07', 3, '2016-08-07 22:53:09'),
(821, 74, 5, 36, '2016-09-21', 7, '2016-09-21 04:57:38'),
(614, 7, 1, 4, '2016-09-14', 1, '2016-09-14 22:33:16'),
(642, 7, 6, 16, '2016-08-10', 7, '2016-08-10 10:14:58'),
(316, 16, 2, 24, '2016-09-05', 8, '2016-09-05 19:59:13'),
(861, 55, 10, 45, '2016-07-23', 10, '2016-07-23 13:30:59'),
(553, 76, 3, 18, '2016-08-30', 1, '2016-08-30 07:54:51'),
(152, 81, 1, 35, '2016-10-10', 5, '2016-10-10 14:46:58'),
(642, 66, 5, 48, '2016-10-17', 6, '2016-10-17 12:39:42'),
(587, 71, 7, 34, '2016-08-22', 9, '2016-08-22 23:37:13'),
(322, 60, 1, 32, '2016-09-07', 6, '2016-09-07 05:24:24'),
(345, 41, 7, 45, '2016-07-29', 8, '2016-07-29 16:53:13'),
(636, 79, 10, 44, '2016-08-27', 10, '2016-08-27 05:27:17'),
(712, 12, 5, 43, '2016-07-18', 9, '2016-07-18 05:44:51'),
(182, 58, 4, 44, '2016-09-21', 4, '2016-09-21 18:49:30'),
(867, 77, 5, 13, '2016-10-04', 7, '2016-10-04 18:46:44'),
(622, 100, 3, 21, '2016-07-21', 7, '2016-07-21 00:37:02'),
(449, 23, 4, 12, '2016-07-28', 2, '2016-07-28 23:33:08'),
(300, 45, 6, 48, '2016-10-08', 5, '2016-10-08 06:22:40'),
(408, 45, 7, 3, '2016-09-20', 9, '2016-09-20 06:22:57'),
(40, 61, 6, 7, '2016-10-15', 2, '2016-10-15 06:22:13'),
(708, 81, 7, 27, '2016-09-27', 4, '2016-09-27 00:32:16'),
(115, 25, 3, 19, '2016-09-23', 2, '2016-09-23 21:00:33'),
(123, 6, 5, 30, '2016-08-22', 10, '2016-08-22 21:41:07'),
(722, 57, 7, 39, '2016-08-03', 9, '2016-08-03 07:49:16'),
(422, 20, 1, 33, '2016-07-18', 4, '2016-07-18 08:56:29'),
(293, 38, 7, 26, '2016-08-19', 10, '2016-08-19 08:39:54'),
(455, 20, 9, 22, '2016-09-05', 9, '2016-09-05 08:49:52'),
(734, 38, 7, 2, '2016-08-16', 9, '2016-08-16 23:48:48'),
(7, 13, 8, 28, '2016-07-15', 9, '2016-07-15 07:49:38'),
(201, 20, 1, 47, '2016-08-27', 9, '2016-08-27 11:07:49'),
(134, 99, 10, 19, '2016-09-16', 6, '2016-09-16 04:23:26'),
(895, 95, 6, 9, '2016-08-26', 2, '2016-08-26 05:34:55'),
(908, 67, 6, 25, '2016-08-21', 6, '2016-08-21 13:27:38'),
(262, 45, 7, 5, '2016-10-06', 9, '2016-10-06 20:18:24'),
(876, 42, 10, 21, '2016-07-15', 2, '2016-07-15 11:11:38'),
(938, 72, 8, 9, '2016-10-19', 8, '2016-10-19 05:40:05'),
(202, 24, 2, 22, '2016-08-01', 9, '2016-08-01 07:53:05'),
(879, 3, 3, 3, '2016-08-17', 9, '2016-08-17 01:58:19'),
(607, 73, 8, 33, '2016-07-18', 2, '2016-07-18 11:40:48'),
(817, 73, 4, 5, '2016-09-20', 6, '2016-09-20 22:01:30'),
(25, 11, 8, 20, '2016-09-27', 7, '2016-09-27 08:26:29'),
(907, 60, 3, 37, '2016-09-27', 6, '2016-09-27 19:30:16'),
(489, 4, 6, 50, '2016-07-12', 9, '2016-07-12 17:35:42'),
(344, 95, 8, 40, '2016-09-17', 10, '2016-09-17 14:16:29'),
(341, 48, 10, 30, '2016-09-21', 7, '2016-09-21 15:30:06'),
(182, 35, 3, 49, '2016-09-06', 8, '2016-09-06 03:22:08'),
(192, 1, 1, 45, '2016-07-18', 8, '2016-07-18 05:27:59'),
(758, 14, 7, 24, '2016-08-24', 5, '2016-08-24 06:00:28'),
(868, 89, 7, 44, '2016-10-17', 5, '2016-10-17 23:58:01'),
(124, 62, 3, 20, '2016-08-06', 4, '2016-08-06 07:42:34'),
(524, 26, 5, 23, '2016-09-17', 4, '2016-09-17 15:14:33'),
(535, 40, 8, 21, '2016-10-19', 3, '2016-10-19 02:49:21'),
(341, 66, 4, 6, '2016-09-19', 9, '2016-09-19 01:05:15'),
(821, 37, 5, 49, '2016-08-10', 3, '2016-08-10 15:45:13'),
(204, 99, 5, 50, '2016-08-15', 10, '2016-08-15 13:59:29'),
(343, 36, 6, 45, '2016-09-11', 2, '2016-09-11 18:04:58'),
(69, 91, 8, 17, '2016-08-11', 7, '2016-08-11 06:14:55'),
(271, 8, 5, 7, '2016-08-30', 5, '2016-08-30 02:31:35'),
(852, 93, 6, 5, '2016-08-13', 3, '2016-08-13 17:35:55'),
(268, 4, 8, 11, '2016-10-17', 8, '2016-10-17 05:03:10'),
(572, 37, 8, 1, '2016-07-27', 8, '2016-07-27 08:43:02'),
(212, 62, 5, 11, '2016-09-25', 2, '2016-09-25 20:44:54'),
(470, 60, 9, 29, '2016-08-06', 3, '2016-08-06 10:54:59'),
(5, 5, 9, 4, '2016-08-26', 3, '2016-08-26 00:48:28'),
(346, 10, 5, 30, '2016-08-15', 4, '2016-08-15 20:42:59'),
(147, 82, 8, 38, '2016-07-14', 6, '2016-07-14 02:16:49'),
(231, 44, 2, 5, '2016-10-09', 5, '2016-10-09 12:06:43'),
(521, 18, 5, 38, '2016-09-26', 1, '2016-09-26 10:35:54'),
(682, 12, 2, 17, '2016-08-25', 7, '2016-08-25 07:49:09'),
(764, 50, 3, 24, '2016-09-03', 8, '2016-09-03 17:11:48'),
(608, 37, 4, 23, '2016-09-13', 5, '2016-09-13 09:46:32'),
(442, 4, 6, 29, '2016-09-13', 5, '2016-09-13 19:02:44'),
(85, 26, 5, 30, '2016-10-14', 3, '2016-10-14 12:22:08'),
(443, 39, 10, 3, '2016-09-14', 5, '2016-09-14 11:16:59'),
(740, 1, 7, 33, '2016-10-06', 6, '2016-10-06 20:28:19'),
(297, 89, 8, 35, '2016-08-24', 4, '2016-08-24 01:08:46'),
(517, 37, 8, 30, '2016-08-03', 8, '2016-08-03 11:59:28'),
(575, 82, 5, 15, '2016-07-14', 9, '2016-07-14 19:53:13'),
(199, 78, 4, 4, '2016-09-12', 6, '2016-09-12 05:58:27'),
(108, 11, 1, 2, '2016-07-17', 7, '2016-07-17 18:39:41'),
(317, 42, 7, 28, '2016-10-19', 7, '2016-10-19 11:36:34'),
(649, 59, 2, 11, '2016-08-21', 9, '2016-08-21 03:15:44'),
(864, 42, 8, 8, '2016-09-09', 8, '2016-09-09 23:45:01'),
(729, 8, 9, 49, '2016-08-30', 4, '2016-08-30 03:05:09'),
(605, 78, 8, 35, '2016-08-18', 9, '2016-08-18 05:23:21'),
(708, 48, 10, 31, '2016-09-24', 5, '2016-09-24 16:27:39'),
(180, 23, 4, 10, '2016-10-11', 5, '2016-10-11 12:35:40'),
(826, 12, 1, 46, '2016-08-07', 7, '2016-08-07 15:56:09'),
(151, 82, 8, 4, '2016-10-13', 3, '2016-10-13 20:41:57'),
(294, 16, 2, 37, '2016-08-17', 3, '2016-08-17 16:01:42'),
(16, 46, 10, 50, '2016-08-16', 10, '2016-08-16 05:31:59'),
(698, 86, 7, 2, '2016-09-13', 5, '2016-09-13 12:35:28'),
(921, 10, 9, 41, '2016-10-04', 4, '2016-10-04 22:37:53'),
(806, 42, 8, 47, '2016-10-19', 6, '2016-10-19 21:51:41'),
(590, 54, 3, 6, '2016-08-22', 7, '2016-08-22 01:56:20'),
(87, 14, 7, 33, '2016-07-30', 10, '2016-07-30 14:57:06'),
(652, 43, 3, 6, '2016-07-30', 6, '2016-07-30 00:38:37'),
(902, 19, 5, 17, '2016-07-12', 9, '2016-07-12 18:06:49'),
(746, 88, 3, 16, '2016-07-17', 5, '2016-07-17 13:47:24'),
(221, 95, 10, 16, '2016-07-16', 9, '2016-07-16 19:20:24'),
(238, 96, 3, 33, '2016-07-31', 6, '2016-07-31 09:59:50'),
(95, 44, 8, 18, '2016-09-26', 2, '2016-09-26 22:11:13'),
(892, 38, 8, 3, '2016-08-08', 7, '2016-08-08 13:45:37'),
(197, 85, 6, 23, '2016-07-26', 5, '2016-07-26 14:18:13'),
(89, 30, 10, 17, '2016-10-11', 8, '2016-10-11 10:35:57'),
(76, 24, 6, 41, '2016-07-19', 9, '2016-07-19 02:37:20'),
(224, 15, 9, 2, '2016-07-24', 9, '2016-07-24 17:37:50'),
(259, 92, 6, 27, '2016-09-23', 6, '2016-09-23 21:10:36'),
(497, 98, 1, 43, '2016-09-19', 6, '2016-09-19 02:57:38'),
(170, 15, 2, 38, '2016-08-08', 5, '2016-08-08 16:42:30'),
(618, 96, 4, 19, '2016-09-27', 10, '2016-09-27 21:20:46'),
(95, 76, 5, 9, '2016-08-14', 10, '2016-08-14 16:59:41'),
(958, 66, 10, 46, '2016-10-13', 9, '2016-10-13 05:19:03'),
(466, 100, 4, 1, '2016-10-12', 6, '2016-10-12 19:23:30'),
(100, 4, 5, 29, '2016-09-25', 10, '2016-09-25 05:11:04'),
(484, 51, 2, 50, '2016-08-22', 6, '2016-08-22 16:14:07'),
(754, 73, 2, 7, '2016-07-18', 10, '2016-07-18 00:00:52'),
(348, 54, 5, 18, '2016-09-09', 10, '2016-09-09 21:42:25'),
(557, 8, 7, 50, '2016-09-27', 8, '2016-09-27 08:19:22'),
(839, 91, 5, 23, '2016-08-23', 4, '2016-08-23 11:10:12'),
(906, 70, 3, 36, '2016-08-26', 3, '2016-08-26 19:25:53'),
(146, 55, 3, 7, '2016-08-30', 8, '2016-08-30 09:23:39'),
(874, 65, 6, 25, '2016-10-04', 7, '2016-10-04 06:24:14'),
(760, 93, 9, 49, '2016-09-18', 10, '2016-09-18 03:30:41'),
(352, 1, 4, 32, '2016-09-20', 7, '2016-09-20 05:11:22'),
(957, 92, 1, 20, '2016-08-31', 3, '2016-08-31 02:33:08'),
(903, 15, 9, 1, '2016-09-28', 4, '2016-09-28 23:47:23'),
(409, 34, 7, 30, '2016-10-10', 9, '2016-10-10 16:28:10'),
(749, 31, 9, 6, '2016-09-03', 5, '2016-09-03 06:32:28'),
(972, 97, 9, 21, '2016-10-14', 3, '2016-10-14 04:52:43'),
(582, 54, 2, 21, '2016-09-03', 1, '2016-09-03 08:06:53'),
(334, 11, 3, 31, '2016-09-07', 7, '2016-09-07 10:45:50'),
(429, 39, 1, 32, '2016-09-24', 7, '2016-09-24 01:02:34'),
(237, 79, 9, 36, '2016-08-16', 9, '2016-08-16 06:06:16'),
(338, 43, 2, 13, '2016-07-19', 6, '2016-07-19 15:31:42'),
(760, 90, 3, 3, '2016-09-11', 4, '2016-09-11 02:53:24'),
(417, 48, 10, 10, '2016-10-01', 4, '2016-10-01 01:28:08'),
(627, 15, 4, 45, '2016-08-19', 10, '2016-08-19 14:10:55'),
(144, 80, 7, 18, '2016-09-25', 10, '2016-09-25 08:06:25'),
(96, 9, 9, 12, '2016-09-24', 9, '2016-09-24 04:31:52'),
(7, 75, 10, 24, '2016-08-29', 10, '2016-08-29 23:46:16'),
(455, 68, 6, 46, '2016-09-04', 4, '2016-09-04 07:06:00'),
(980, 74, 3, 25, '2016-08-22', 8, '2016-08-22 16:36:02'),
(320, 46, 2, 10, '2016-08-23', 8, '2016-08-23 03:17:45'),
(857, 56, 10, 8, '2016-10-06', 2, '2016-10-06 15:39:01'),
(304, 64, 2, 32, '2016-10-09', 1, '2016-10-09 04:38:52'),
(321, 36, 2, 20, '2016-08-26', 10, '2016-08-26 05:02:30'),
(510, 8, 8, 14, '2016-08-04', 8, '2016-08-04 09:21:42'),
(833, 89, 9, 16, '2016-08-15', 7, '2016-08-15 08:24:58'),
(124, 90, 1, 38, '2016-10-02', 6, '2016-10-02 21:14:38'),
(29, 89, 6, 45, '2016-10-15', 9, '2016-10-15 07:56:05'),
(69, 30, 6, 8, '2016-08-07', 9, '2016-08-07 19:35:33'),
(541, 48, 2, 48, '2016-08-14', 3, '2016-08-14 17:49:58'),
(986, 64, 8, 44, '2016-10-03', 3, '2016-10-03 21:09:05'),
(266, 26, 7, 41, '2016-07-17', 5, '2016-07-17 21:54:06'),
(9, 10, 1, 32, '2016-08-16', 2, '2016-08-16 23:31:47'),
(755, 10, 9, 6, '2016-07-31', 9, '2016-07-31 00:09:32'),
(121, 44, 1, 3, '2016-07-23', 9, '2016-07-23 12:38:07'),
(611, 2, 7, 35, '2016-09-04', 2, '2016-09-04 08:24:49'),
(468, 33, 5, 10, '2016-10-15', 3, '2016-10-15 23:59:01'),
(755, 82, 5, 28, '2016-09-28', 8, '2016-09-28 20:18:15'),
(600, 61, 5, 44, '2016-07-23', 8, '2016-07-23 08:42:49'),
(540, 31, 1, 16, '2016-08-20', 3, '2016-08-20 14:49:45'),
(769, 1, 9, 16, '2016-07-14', 2, '2016-07-14 14:28:06'),
(309, 99, 9, 24, '2016-09-30', 5, '2016-09-30 13:04:12'),
(644, 73, 1, 45, '2016-08-07', 10, '2016-08-07 16:14:26'),
(946, 21, 3, 11, '2016-07-16', 8, '2016-07-16 21:32:29'),
(184, 45, 6, 45, '2016-08-20', 3, '2016-08-20 00:55:45'),
(591, 43, 4, 22, '2016-08-13', 7, '2016-08-13 12:26:38'),
(656, 11, 10, 38, '2016-07-21', 9, '2016-07-21 15:03:09'),
(780, 21, 4, 18, '2016-10-12', 1, '2016-10-12 03:46:31'),
(76, 24, 6, 39, '2016-10-12', 3, '2016-10-12 11:21:46'),
(517, 64, 2, 39, '2016-07-25', 9, '2016-07-25 07:11:59'),
(894, 18, 9, 7, '2016-08-12', 1, '2016-08-12 13:43:45'),
(140, 43, 4, 45, '2016-10-17', 4, '2016-10-17 01:26:38'),
(738, 96, 2, 44, '2016-08-26', 3, '2016-08-26 19:17:13'),
(714, 74, 4, 21, '2016-08-30', 1, '2016-08-30 01:09:44'),
(950, 92, 9, 50, '2016-07-17', 8, '2016-07-17 04:57:13'),
(870, 66, 9, 37, '2016-10-07', 2, '2016-10-07 03:17:15'),
(861, 90, 2, 42, '2016-08-17', 1, '2016-08-17 14:56:41'),
(231, 13, 7, 36, '2016-10-01', 3, '2016-10-01 10:48:45'),
(588, 45, 4, 23, '2016-08-10', 4, '2016-08-10 16:12:09'),
(69, 37, 3, 45, '2016-09-06', 1, '2016-09-06 23:25:56'),
(224, 43, 5, 41, '2016-09-19', 3, '2016-09-19 12:30:55'),
(134, 16, 7, 50, '2016-10-16', 6, '2016-10-16 21:00:49'),
(485, 46, 7, 33, '2016-08-06', 4, '2016-08-06 18:50:19'),
(770, 48, 9, 23, '2016-09-09', 10, '2016-09-09 14:48:52'),
(901, 100, 7, 26, '2016-08-30', 10, '2016-08-30 13:28:14'),
(261, 89, 6, 50, '2016-09-06', 5, '2016-09-06 01:25:51'),
(535, 40, 8, 9, '2016-10-03', 9, '2016-10-03 19:31:04'),
(581, 61, 2, 37, '2016-08-04', 8, '2016-08-04 10:16:13'),
(632, 49, 7, 50, '2016-08-14', 6, '2016-08-14 16:26:35'),
(610, 44, 4, 32, '2016-08-20', 7, '2016-08-20 00:34:07'),
(146, 88, 10, 22, '2016-09-02', 1, '2016-09-02 02:03:02'),
(486, 77, 2, 22, '2016-09-12', 9, '2016-09-12 14:39:24'),
(587, 80, 8, 4, '2016-08-13', 3, '2016-08-13 14:44:16'),
(778, 40, 8, 45, '2016-07-28', 5, '2016-07-28 10:19:02'),
(127, 41, 9, 25, '2016-08-16', 6, '2016-08-16 14:47:35'),
(297, 84, 5, 8, '2016-08-09', 3, '2016-08-09 19:46:08'),
(592, 7, 9, 49, '2016-10-08', 3, '2016-10-08 15:11:06'),
(631, 62, 6, 4, '2016-09-02', 5, '2016-09-02 09:48:37'),
(298, 77, 6, 8, '2016-08-31', 6, '2016-08-31 19:38:29'),
(270, 64, 6, 27, '2016-08-15', 5, '2016-08-15 21:09:12'),
(271, 82, 3, 25, '2016-08-20', 10, '2016-08-20 21:23:28'),
(168, 4, 6, 5, '2016-08-14', 2, '2016-08-14 01:42:35'),
(192, 28, 4, 13, '2016-07-28', 1, '2016-07-28 23:07:07'),
(651, 25, 1, 25, '2016-08-05', 5, '2016-08-05 09:23:38'),
(593, 89, 9, 29, '2016-08-08', 3, '2016-08-08 03:10:32'),
(393, 87, 3, 22, '2016-10-07', 6, '2016-10-07 11:12:37'),
(130, 39, 10, 15, '2016-09-23', 2, '2016-09-23 19:34:57'),
(738, 75, 1, 4, '2016-10-11', 7, '2016-10-11 01:46:48'),
(741, 70, 6, 31, '2016-09-08', 3, '2016-09-08 10:23:28'),
(403, 93, 7, 10, '2016-08-22', 5, '2016-08-22 12:47:35'),
(342, 3, 7, 8, '2016-10-02', 2, '2016-10-02 18:25:37'),
(40, 23, 8, 50, '2016-08-29', 5, '2016-08-29 00:36:07'),
(457, 43, 1, 19, '2016-08-09', 2, '2016-08-09 02:27:19'),
(813, 32, 5, 7, '2016-07-17', 4, '2016-07-17 17:01:04'),
(200, 28, 2, 1, '2016-07-13', 7, '2016-07-13 11:13:02'),
(853, 99, 1, 9, '2016-07-30', 1, '2016-07-30 06:56:01'),
(607, 24, 4, 15, '2016-08-26', 3, '2016-08-26 19:00:16'),
(533, 72, 5, 48, '2016-07-29', 8, '2016-07-29 04:01:01'),
(507, 56, 6, 8, '2016-07-27', 5, '2016-07-27 17:28:34'),
(752, 45, 7, 10, '2016-08-16', 7, '2016-08-16 21:28:37'),
(856, 23, 6, 2, '2016-08-05', 8, '2016-08-05 20:33:42'),
(726, 20, 9, 4, '2016-10-16', 1, '2016-10-16 13:18:56'),
(449, 73, 10, 2, '2016-09-12', 7, '2016-09-12 03:57:40'),
(648, 54, 1, 3, '2016-09-06', 8, '2016-09-06 20:36:26'),
(494, 89, 1, 10, '2016-09-30', 10, '2016-09-30 07:57:25'),
(793, 4, 8, 28, '2016-07-25', 9, '2016-07-25 22:29:21'),
(539, 60, 3, 35, '2016-09-23', 6, '2016-09-23 17:27:14'),
(751, 44, 2, 5, '2016-07-26', 8, '2016-07-26 04:09:12'),
(87, 30, 9, 48, '2016-10-03', 5, '2016-10-03 07:12:18'),
(328, 22, 9, 18, '2016-09-03', 7, '2016-09-03 22:35:17'),
(318, 96, 5, 47, '2016-08-04', 8, '2016-08-04 15:58:07'),
(274, 39, 8, 5, '2016-08-30', 2, '2016-08-30 11:52:51'),
(757, 96, 10, 46, '2016-10-01', 8, '2016-10-01 21:19:18'),
(811, 88, 10, 48, '2016-07-12', 4, '2016-07-12 05:46:48'),
(597, 60, 3, 4, '2016-07-26', 10, '2016-07-26 18:10:14'),
(305, 56, 4, 11, '2016-09-17', 4, '2016-09-17 17:18:41'),
(523, 11, 1, 50, '2016-09-25', 3, '2016-09-25 23:09:33'),
(639, 91, 9, 45, '2016-09-09', 1, '2016-09-09 20:04:11'),
(198, 81, 8, 24, '2016-09-26', 7, '2016-09-26 12:26:42'),
(205, 21, 6, 30, '2016-10-08', 8, '2016-10-08 15:54:39'),
(929, 53, 5, 31, '2016-09-25', 7, '2016-09-25 00:13:20'),
(990, 76, 4, 40, '2016-09-16', 9, '2016-09-16 02:26:07'),
(261, 50, 8, 7, '2016-09-18', 5, '2016-09-18 07:52:45'),
(471, 36, 5, 50, '2016-07-20', 2, '2016-07-20 19:35:12'),
(232, 56, 9, 38, '2016-08-26', 10, '2016-08-26 03:57:43'),
(634, 99, 9, 20, '2016-10-12', 3, '2016-10-12 23:46:06'),
(562, 43, 5, 9, '2016-09-26', 4, '2016-09-26 14:19:26'),
(188, 37, 5, 41, '2016-09-30', 2, '2016-09-30 08:04:20'),
(867, 61, 5, 35, '2016-08-09', 2, '2016-08-09 12:26:56'),
(323, 50, 2, 32, '2016-10-02', 6, '2016-10-02 06:23:09'),
(56, 71, 2, 48, '2016-08-11', 5, '2016-08-11 08:46:03'),
(578, 29, 4, 33, '2016-08-20', 7, '2016-08-20 11:42:37'),
(458, 33, 1, 33, '2016-07-15', 8, '2016-07-15 11:40:45'),
(370, 38, 9, 41, '2016-08-18', 7, '2016-08-18 18:02:44'),
(115, 67, 5, 6, '2016-08-30', 1, '2016-08-30 08:35:58'),
(653, 74, 3, 36, '2016-10-16', 10, '2016-10-16 18:18:23'),
(355, 19, 4, 3, '2016-08-13', 3, '2016-08-13 03:15:09'),
(8, 21, 6, 14, '2016-08-19', 4, '2016-08-19 21:40:00'),
(454, 56, 7, 25, '2016-07-31', 5, '2016-07-31 07:13:10'),
(52, 62, 3, 27, '2016-08-20', 4, '2016-08-20 18:00:31'),
(705, 18, 4, 1, '2016-09-15', 9, '2016-09-15 02:19:14'),
(428, 23, 9, 45, '2016-09-20', 8, '2016-09-20 14:20:00'),
(470, 58, 6, 35, '2016-10-05', 5, '2016-10-05 02:43:12'),
(107, 89, 10, 36, '2016-09-13', 9, '2016-09-13 21:24:18'),
(907, 11, 5, 22, '2016-09-27', 1, '2016-09-27 12:17:42'),
(37, 53, 6, 41, '2016-07-18', 7, '2016-07-18 15:57:48'),
(287, 92, 5, 21, '2016-10-15', 5, '2016-10-15 12:30:45'),
(206, 60, 2, 14, '2016-08-23', 8, '2016-08-23 23:12:39'),
(691, 64, 9, 29, '2016-10-05', 4, '2016-10-05 12:20:31'),
(231, 33, 9, 19, '2016-10-02', 4, '2016-10-02 05:51:07'),
(18, 34, 3, 45, '2016-09-04', 8, '2016-09-04 02:58:19'),
(373, 43, 4, 3, '2016-09-14', 1, '2016-09-14 05:55:51'),
(611, 47, 5, 42, '2016-07-24', 6, '2016-07-24 13:57:45'),
(772, 10, 3, 23, '2016-09-21', 2, '2016-09-21 18:49:53'),
(881, 5, 1, 1, '2016-07-21', 10, '2016-07-21 04:42:57'),
(76, 92, 7, 48, '2016-08-28', 6, '2016-08-28 02:18:35'),
(289, 42, 3, 7, '2016-08-20', 5, '2016-08-20 17:44:23'),
(513, 66, 9, 35, '2016-07-22', 5, '2016-07-22 07:05:46'),
(498, 14, 5, 33, '2016-08-23', 4, '2016-08-23 03:28:32'),
(315, 21, 6, 17, '2016-08-22', 9, '2016-08-22 21:23:24'),
(350, 7, 1, 6, '2016-07-26', 10, '2016-07-26 01:13:07'),
(335, 88, 10, 22, '2016-07-14', 9, '2016-07-14 01:18:49'),
(489, 53, 1, 30, '2016-08-16', 7, '2016-08-16 03:43:13'),
(229, 42, 4, 46, '2016-09-18', 2, '2016-09-18 13:34:30'),
(745, 91, 8, 18, '2016-07-26', 1, '2016-07-26 15:50:01'),
(760, 79, 6, 34, '2016-10-14', 8, '2016-10-14 15:49:59'),
(911, 82, 3, 24, '2016-09-09', 6, '2016-09-09 10:24:43'),
(195, 99, 2, 34, '2016-07-27', 5, '2016-07-27 18:10:13'),
(797, 70, 7, 20, '2016-07-14', 3, '2016-07-14 12:26:14'),
(121, 30, 7, 44, '2016-10-12', 7, '2016-10-12 23:30:22'),
(205, 19, 10, 14, '2016-08-15', 9, '2016-08-15 02:36:05'),
(271, 59, 1, 5, '2016-08-26', 1, '2016-08-26 03:02:37'),
(67, 96, 6, 46, '2016-08-26', 3, '2016-08-26 11:54:10'),
(67, 47, 5, 17, '2016-08-19', 5, '2016-08-19 18:35:15'),
(526, 52, 1, 36, '2016-09-15', 9, '2016-09-15 06:22:06'),
(996, 25, 8, 38, '2016-09-06', 6, '2016-09-06 13:20:40'),
(537, 1, 5, 48, '2016-10-17', 8, '2016-10-17 06:59:00'),
(124, 46, 6, 50, '2016-07-14', 2, '2016-07-14 19:44:26'),
(944, 33, 10, 37, '2016-09-06', 10, '2016-09-06 18:11:40'),
(407, 67, 10, 26, '2016-08-29', 4, '2016-08-29 18:08:00'),
(426, 28, 5, 35, '2016-10-03', 2, '2016-10-03 00:32:30'),
(13, 73, 3, 33, '2016-10-05', 8, '2016-10-05 13:01:55'),
(429, 94, 7, 6, '2016-10-17', 7, '2016-10-17 23:46:05'),
(330, 15, 10, 32, '2016-09-10', 4, '2016-09-10 19:52:38'),
(981, 82, 6, 14, '2016-09-19', 5, '2016-09-19 15:03:30'),
(300, 10, 9, 11, '2016-08-30', 2, '2016-08-30 13:18:26'),
(718, 24, 5, 42, '2016-08-03', 8, '2016-08-03 14:24:55'),
(788, 94, 9, 8, '2016-08-12', 9, '2016-08-12 03:08:58'),
(693, 96, 10, 8, '2016-09-20', 1, '2016-09-20 03:21:23'),
(783, 25, 4, 32, '2016-09-06', 7, '2016-09-06 04:14:20'),
(353, 34, 5, 46, '2016-08-02', 6, '2016-08-02 18:10:39'),
(230, 30, 10, 27, '2016-08-31', 10, '2016-08-31 23:33:46'),
(275, 27, 8, 22, '2016-08-01', 7, '2016-08-01 03:49:42'),
(486, 84, 10, 46, '2016-08-14', 3, '2016-08-14 23:58:30'),
(708, 83, 8, 46, '2016-09-22', 4, '2016-09-22 13:13:08'),
(87, 92, 1, 26, '2016-10-03', 2, '2016-10-03 17:16:23'),
(820, 66, 2, 50, '2016-09-25', 2, '2016-09-25 00:05:30'),
(78, 91, 9, 30, '2016-08-18', 8, '2016-08-18 06:47:52'),
(733, 87, 2, 9, '2016-09-11', 2, '2016-09-11 19:17:31'),
(960, 46, 8, 29, '2016-09-04', 6, '2016-09-04 13:35:35'),
(939, 71, 2, 8, '2016-09-21', 7, '2016-09-21 07:16:01'),
(680, 44, 7, 20, '2016-07-23', 2, '2016-07-23 11:41:36'),
(804, 83, 3, 38, '2016-09-29', 10, '2016-09-29 22:32:43'),
(420, 35, 7, 45, '2016-08-20', 6, '2016-08-20 17:14:23'),
(718, 85, 1, 38, '2016-07-30', 10, '2016-07-30 15:24:47'),
(186, 11, 6, 16, '2016-07-22', 5, '2016-07-22 00:08:36'),
(211, 32, 2, 17, '2016-07-18', 9, '2016-07-18 01:44:33'),
(560, 60, 10, 31, '2016-07-31', 4, '2016-07-31 07:49:34'),
(849, 34, 5, 30, '2016-08-24', 4, '2016-08-24 21:52:00'),
(118, 48, 3, 33, '2016-07-15', 2, '2016-07-15 17:59:21'),
(876, 76, 9, 40, '2016-10-07', 6, '2016-10-07 17:49:48'),
(506, 36, 10, 13, '2016-07-16', 5, '2016-07-16 02:36:22'),
(667, 72, 10, 24, '2016-08-31', 5, '2016-08-31 09:17:29'),
(809, 84, 7, 34, '2016-07-26', 7, '2016-07-26 00:38:44'),
(997, 63, 10, 22, '2016-09-08', 6, '2016-09-08 21:14:16'),
(534, 83, 8, 38, '2016-07-12', 10, '2016-07-12 21:41:25'),
(24, 76, 5, 22, '2016-07-26', 7, '2016-07-26 01:29:37'),
(432, 39, 2, 5, '2016-08-04', 4, '2016-08-04 03:36:25'),
(319, 87, 7, 50, '2016-10-09', 9, '2016-10-09 01:23:46'),
(601, 14, 3, 14, '2016-09-23', 2, '2016-09-23 16:10:49'),
(20, 70, 7, 35, '2016-09-18', 4, '2016-09-18 16:35:01'),
(845, 35, 10, 31, '2016-09-01', 10, '2016-09-01 05:41:57'),
(830, 22, 7, 49, '2016-08-31', 7, '2016-08-31 23:44:12'),
(860, 69, 5, 41, '2016-07-18', 4, '2016-07-18 12:44:46'),
(845, 76, 2, 37, '2016-07-23', 7, '2016-07-23 22:07:55'),
(622, 4, 6, 48, '2016-09-10', 8, '2016-09-10 08:11:08'),
(678, 41, 7, 43, '2016-09-28', 8, '2016-09-28 18:09:27'),
(671, 18, 1, 34, '2016-07-15', 9, '2016-07-15 19:26:25'),
(500, 67, 1, 49, '2016-08-07', 5, '2016-08-07 03:35:37'),
(125, 53, 2, 3, '2016-07-31', 9, '2016-07-31 18:48:56'),
(472, 44, 4, 37, '2016-08-14', 4, '2016-08-14 22:19:35'),
(542, 53, 4, 37, '2016-08-06', 1, '2016-08-06 06:59:59'),
(718, 49, 3, 40, '2016-09-08', 1, '2016-09-08 10:15:53'),
(650, 19, 6, 23, '2016-10-04', 9, '2016-10-04 07:51:30'),
(232, 14, 7, 20, '2016-09-06', 5, '2016-09-06 07:38:31'),
(361, 10, 9, 18, '2016-08-31', 5, '2016-08-31 18:14:56'),
(707, 85, 8, 31, '2016-07-27', 2, '2016-07-27 09:25:17'),
(382, 45, 9, 22, '2016-08-19', 10, '2016-08-19 11:28:12'),
(249, 61, 6, 9, '2016-09-04', 1, '2016-09-04 02:52:01'),
(653, 29, 6, 12, '2016-08-20', 6, '2016-08-20 08:50:14'),
(236, 67, 8, 36, '2016-08-11', 8, '2016-08-11 11:53:27'),
(133, 91, 8, 26, '2016-08-04', 5, '2016-08-04 17:03:23'),
(822, 49, 1, 34, '2016-08-30', 3, '2016-08-30 00:53:01'),
(746, 28, 10, 2, '2016-08-03', 1, '2016-08-03 11:39:24'),
(934, 72, 6, 6, '2016-08-26', 2, '2016-08-26 10:23:59'),
(804, 74, 7, 39, '2016-07-18', 10, '2016-07-18 05:47:51'),
(606, 61, 4, 19, '2016-08-18', 9, '2016-08-18 14:49:52'),
(878, 57, 5, 31, '2016-08-31', 3, '2016-08-31 09:03:01'),
(318, 56, 8, 34, '2016-09-16', 9, '2016-09-16 16:44:29'),
(957, 83, 5, 3, '2016-07-27', 8, '2016-07-27 19:27:00'),
(824, 95, 3, 1, '2016-09-17', 10, '2016-09-17 11:53:09'),
(285, 76, 9, 26, '2016-07-13', 1, '2016-07-13 16:12:56'),
(919, 75, 5, 21, '2016-10-16', 1, '2016-10-16 15:27:43'),
(30, 67, 6, 43, '2016-09-13', 4, '2016-09-13 23:18:33'),
(360, 63, 4, 43, '2016-09-28', 9, '2016-09-28 13:21:13'),
(360, 12, 9, 43, '2016-08-04', 1, '2016-08-04 15:59:44'),
(880, 61, 6, 1, '2016-10-16', 4, '2016-10-16 02:25:17'),
(33, 92, 2, 28, '2016-09-17', 6, '2016-09-17 11:39:01'),
(151, 41, 10, 3, '2016-07-22', 10, '2016-07-22 21:47:49'),
(439, 91, 4, 2, '2016-07-29', 4, '2016-07-29 21:09:30'),
(91, 95, 9, 28, '2016-08-12', 6, '2016-08-12 17:06:25'),
(886, 76, 4, 41, '2016-07-22', 6, '2016-07-22 02:10:22'),
(1000, 82, 3, 10, '2016-07-13', 4, '2016-07-13 07:15:30'),
(337, 69, 6, 41, '2016-08-19', 1, '2016-08-19 22:41:52'),
(755, 11, 4, 6, '2016-08-17', 5, '2016-08-17 15:31:46'),
(544, 44, 6, 43, '2016-09-26', 6, '2016-09-26 15:28:43'),
(897, 74, 2, 34, '2016-07-23', 7, '2016-07-23 21:31:20'),
(195, 66, 1, 25, '2016-08-29', 5, '2016-08-29 05:37:26'),
(60, 81, 8, 47, '2016-07-12', 4, '2016-07-12 04:50:11'),
(443, 37, 5, 48, '2016-09-06', 10, '2016-09-06 01:55:21'),
(573, 2, 9, 36, '2016-08-29', 4, '2016-08-29 14:10:09'),
(169, 51, 6, 49, '2016-08-22', 6, '2016-08-22 10:40:29'),
(330, 32, 10, 28, '2016-09-29', 5, '2016-09-29 21:17:03'),
(742, 27, 7, 26, '2016-10-14', 7, '2016-10-14 10:06:49'),
(171, 41, 6, 46, '2016-07-26', 2, '2016-07-26 13:40:37'),
(383, 22, 6, 44, '2016-10-09', 4, '2016-10-09 04:05:01'),
(761, 66, 6, 33, '2016-08-16', 7, '2016-08-16 18:16:28'),
(688, 58, 4, 6, '2016-08-22', 9, '2016-08-22 09:12:24'),
(493, 64, 8, 21, '2016-10-02', 7, '2016-10-02 15:48:13'),
(602, 63, 2, 40, '2016-10-08', 10, '2016-10-08 06:49:12'),
(471, 51, 5, 40, '2016-08-14', 6, '2016-08-14 17:38:35'),
(623, 79, 6, 34, '2016-09-21', 6, '2016-09-21 19:42:28'),
(206, 52, 5, 25, '2016-09-01', 10, '2016-09-01 01:04:14'),
(386, 1, 9, 42, '2016-08-20', 3, '2016-08-20 05:59:07'),
(437, 14, 4, 45, '2016-07-19', 10, '2016-07-19 17:54:36'),
(827, 55, 9, 6, '2016-08-01', 6, '2016-08-01 03:37:55'),
(143, 98, 8, 15, '2016-08-10', 6, '2016-08-10 15:10:28'),
(91, 84, 9, 5, '2016-08-26', 10, '2016-08-26 23:43:36'),
(280, 50, 9, 6, '2016-09-19', 10, '2016-09-19 09:33:04'),
(87, 8, 1, 14, '2016-09-18', 7, '2016-09-18 16:20:45'),
(439, 3, 10, 43, '2016-09-14', 8, '2016-09-14 15:58:53'),
(580, 60, 6, 45, '2016-08-12', 9, '2016-08-12 08:27:06'),
(255, 23, 3, 11, '2016-07-22', 8, '2016-07-22 15:15:17'),
(346, 74, 8, 9, '2016-09-22', 7, '2016-09-22 17:47:27'),
(806, 81, 4, 3, '2016-07-25', 8, '2016-07-25 00:17:09'),
(346, 98, 6, 38, '2016-09-21', 1, '2016-09-21 22:54:03'),
(617, 44, 5, 34, '2016-07-13', 8, '2016-07-13 23:24:57'),
(595, 87, 10, 2, '2016-09-24', 3, '2016-09-24 10:49:51'),
(148, 31, 8, 45, '2016-09-04', 3, '2016-09-04 01:24:54'),
(311, 97, 7, 22, '2016-07-27', 5, '2016-07-27 02:47:44'),
(233, 6, 2, 14, '2016-10-11', 8, '2016-10-11 09:08:53'),
(442, 49, 3, 41, '2016-09-07', 10, '2016-09-07 10:45:35'),
(863, 80, 3, 40, '2016-09-21', 2, '2016-09-21 05:41:22'),
(994, 37, 3, 33, '2016-08-30', 1, '2016-08-30 13:13:52'),
(820, 17, 3, 16, '2016-09-26', 7, '2016-09-26 12:38:18'),
(842, 11, 1, 44, '2016-08-30', 2, '2016-08-30 11:49:00'),
(756, 87, 7, 14, '2016-09-22', 7, '2016-09-22 09:43:55'),
(498, 66, 3, 48, '2016-10-10', 6, '2016-10-10 02:48:39'),
(740, 41, 6, 38, '2016-08-19', 1, '2016-08-19 14:49:36'),
(490, 35, 2, 46, '2016-09-10', 10, '2016-09-10 14:10:38'),
(547, 93, 7, 44, '2016-10-01', 6, '2016-10-01 09:40:27'),
(155, 14, 9, 38, '2016-08-30', 1, '2016-08-30 06:23:00'),
(184, 97, 6, 19, '2016-10-03', 10, '2016-10-03 20:20:05'),
(686, 52, 5, 48, '2016-09-30', 7, '2016-09-30 11:22:26'),
(799, 55, 1, 30, '2016-08-26', 7, '2016-08-26 13:39:37'),
(247, 16, 3, 14, '2016-08-08', 8, '2016-08-08 10:47:51'),
(483, 4, 8, 49, '2016-08-22', 7, '2016-08-22 04:01:27'),
(647, 48, 5, 9, '2016-07-28', 2, '2016-07-28 00:00:49'),
(551, 70, 9, 10, '2016-09-24', 1, '2016-09-24 18:28:01'),
(939, 45, 3, 33, '2016-07-12', 9, '2016-07-12 11:27:18'),
(445, 42, 4, 21, '2016-08-05', 10, '2016-08-05 00:16:06'),
(689, 77, 9, 16, '2016-09-09', 5, '2016-09-09 20:17:42'),
(332, 12, 1, 33, '2016-07-24', 10, '2016-07-24 12:14:39'),
(854, 97, 8, 13, '2016-09-05', 3, '2016-09-05 11:37:19'),
(271, 3, 10, 33, '2016-10-16', 6, '2016-10-16 04:12:15'),
(527, 49, 8, 29, '2016-10-08', 4, '2016-10-08 11:46:50'),
(451, 22, 3, 35, '2016-10-18', 3, '2016-10-18 12:20:36'),
(387, 23, 5, 28, '2016-09-18', 2, '2016-09-18 18:16:26'),
(835, 69, 3, 4, '2016-10-18', 5, '2016-10-18 11:31:56'),
(887, 16, 8, 7, '2016-09-13', 6, '2016-09-13 03:55:46'),
(920, 100, 4, 2, '2016-08-16', 4, '2016-08-16 05:17:54'),
(208, 58, 5, 19, '2016-07-18', 1, '2016-07-18 03:00:36'),
(644, 37, 5, 14, '2016-08-08', 7, '2016-08-08 19:06:31'),
(950, 68, 4, 8, '2016-08-17', 6, '2016-08-17 20:59:29'),
(406, 60, 8, 19, '2016-09-16', 5, '2016-09-16 08:41:34'),
(647, 98, 1, 8, '2016-10-08', 5, '2016-10-08 09:51:41'),
(284, 85, 7, 6, '2016-07-19', 2, '2016-07-19 02:12:18'),
(184, 16, 9, 38, '2016-08-21', 1, '2016-08-21 19:37:02'),
(688, 35, 7, 6, '2016-08-05', 4, '2016-08-05 06:46:24'),
(544, 4, 7, 44, '2016-07-28', 6, '2016-07-28 11:19:31'),
(915, 76, 10, 35, '2016-09-29', 2, '2016-09-29 13:50:39'),
(720, 89, 5, 5, '2016-10-11', 6, '2016-10-11 14:47:58'),
(83, 39, 5, 42, '2016-09-19', 10, '2016-09-19 20:03:43'),
(225, 10, 4, 8, '2016-09-13', 8, '2016-09-13 19:55:29'),
(420, 24, 1, 31, '2016-09-25', 5, '2016-09-25 09:12:50'),
(267, 67, 7, 19, '2016-08-10', 8, '2016-08-10 00:26:32'),
(685, 37, 8, 36, '2016-09-03', 3, '2016-09-03 07:32:44'),
(119, 28, 3, 30, '2016-10-01', 3, '2016-10-01 18:35:36'),
(576, 22, 3, 43, '2016-10-05', 1, '2016-10-05 10:58:21'),
(265, 2, 8, 7, '2016-08-21', 7, '2016-08-21 21:18:30'),
(777, 95, 9, 32, '2016-08-20', 3, '2016-08-20 08:54:58'),
(978, 7, 6, 13, '2016-08-06', 2, '2016-08-06 09:56:58'),
(986, 14, 2, 46, '2016-09-21', 1, '2016-09-21 01:01:17'),
(255, 31, 3, 16, '2016-10-04', 7, '2016-10-04 15:52:06'),
(514, 78, 9, 18, '2016-08-01', 5, '2016-08-01 04:11:33'),
(61, 97, 7, 30, '2016-10-09', 8, '2016-10-09 02:02:21'),
(532, 95, 10, 4, '2016-07-20', 10, '2016-07-20 17:40:39'),
(668, 80, 5, 36, '2016-08-14', 6, '2016-08-14 02:01:00'),
(159, 88, 10, 15, '2016-08-28', 7, '2016-08-28 01:46:20'),
(852, 60, 2, 25, '2016-07-27', 8, '2016-07-27 07:03:36'),
(548, 74, 9, 2, '2016-07-29', 5, '2016-07-29 05:17:03'),
(270, 35, 8, 8, '2016-10-01', 5, '2016-10-01 17:47:27'),
(30, 77, 6, 28, '2016-07-25', 7, '2016-07-25 01:15:54'),
(458, 61, 7, 35, '2016-10-05', 2, '2016-10-05 20:49:09'),
(382, 23, 9, 44, '2016-08-14', 5, '2016-08-14 11:31:36'),
(103, 93, 5, 13, '2016-09-15', 4, '2016-09-15 23:16:19'),
(477, 26, 2, 32, '2016-08-16', 10, '2016-08-16 21:32:23'),
(418, 47, 9, 42, '2016-07-22', 2, '2016-07-22 14:48:31'),
(208, 28, 4, 33, '2016-09-12', 2, '2016-09-12 10:12:10'),
(72, 77, 5, 42, '2016-09-28', 10, '2016-09-28 04:50:48'),
(261, 62, 7, 7, '2016-09-02', 10, '2016-09-02 03:21:50'),
(172, 86, 5, 47, '2016-08-28', 8, '2016-08-28 14:36:16'),
(791, 7, 8, 5, '2016-08-26', 8, '2016-08-26 06:15:50'),
(916, 6, 10, 28, '2016-10-06', 9, '2016-10-06 15:12:17'),
(91, 70, 9, 33, '2016-07-27', 5, '2016-07-27 23:14:06'),
(763, 6, 8, 29, '2016-08-22', 4, '2016-08-22 17:53:07'),
(528, 55, 7, 27, '2016-08-02', 6, '2016-08-02 16:05:36'),
(110, 56, 10, 16, '2016-08-12', 2, '2016-08-12 18:54:12'),
(534, 46, 10, 11, '2016-09-23', 1, '2016-09-23 20:00:49'),
(886, 67, 8, 31, '2016-09-13', 5, '2016-09-13 22:16:01'),
(13, 76, 4, 22, '2016-09-10', 2, '2016-09-10 05:35:34'),
(359, 100, 2, 17, '2016-08-03', 6, '2016-08-03 06:34:51'),
(401, 95, 6, 22, '2016-07-28', 10, '2016-07-28 21:27:37'),
(919, 97, 10, 39, '2016-10-01', 4, '2016-10-01 04:13:14'),
(202, 51, 6, 18, '2016-08-04', 10, '2016-08-04 18:36:04'),
(955, 61, 1, 4, '2016-08-16', 5, '2016-08-16 02:45:16'),
(54, 30, 2, 21, '2016-09-02', 7, '2016-09-02 18:43:04'),
(334, 65, 3, 36, '2016-10-13', 4, '2016-10-13 12:34:15'),
(204, 74, 3, 44, '2016-08-13', 10, '2016-08-13 03:50:27'),
(978, 64, 1, 44, '2016-07-21', 5, '2016-07-21 18:44:18'),
(303, 29, 8, 9, '2016-07-13', 4, '2016-07-13 07:39:39'),
(922, 65, 8, 10, '2016-08-06', 2, '2016-08-06 00:09:13'),
(681, 91, 6, 31, '2016-08-07', 8, '2016-08-07 02:21:33'),
(538, 33, 3, 18, '2016-10-18', 8, '2016-10-18 23:09:14'),
(295, 89, 2, 24, '2016-09-12', 8, '2016-09-12 19:21:35'),
(693, 87, 6, 8, '2016-09-23', 2, '2016-09-23 23:25:46'),
(649, 55, 2, 12, '2016-10-16', 2, '2016-10-16 09:22:01'),
(47, 52, 4, 49, '2016-09-02', 9, '2016-09-02 11:44:00'),
(843, 63, 1, 36, '2016-07-25', 2, '2016-07-25 19:07:14'),
(476, 15, 1, 37, '2016-09-03', 6, '2016-09-03 19:16:48'),
(341, 49, 8, 5, '2016-08-10', 4, '2016-08-10 14:45:52'),
(614, 60, 5, 24, '2016-07-15', 6, '2016-07-15 21:52:24'),
(744, 96, 5, 10, '2016-10-06', 10, '2016-10-06 02:29:46'),
(566, 35, 1, 48, '2016-09-13', 6, '2016-09-13 03:57:30'),
(236, 9, 9, 47, '2016-07-21', 4, '2016-07-21 11:46:10'),
(63, 2, 10, 24, '2016-08-04', 9, '2016-08-04 20:38:03'),
(536, 46, 7, 32, '2016-09-06', 2, '2016-09-06 02:02:36'),
(967, 42, 8, 20, '2016-10-15', 5, '2016-10-15 16:35:30'),
(67, 70, 5, 50, '2016-09-14', 8, '2016-09-14 10:01:53'),
(9, 66, 4, 15, '2016-07-22', 6, '2016-07-22 14:47:24'),
(623, 95, 3, 38, '2016-10-18', 10, '2016-10-18 01:41:38'),
(134, 34, 4, 29, '2016-09-11', 9, '2016-09-11 03:16:39'),
(780, 22, 10, 1, '2016-07-22', 8, '2016-07-22 22:23:37'),
(822, 83, 10, 4, '2016-09-08', 10, '2016-09-08 06:01:42'),
(188, 46, 5, 11, '2016-10-10', 9, '2016-10-10 01:39:44'),
(909, 11, 2, 10, '2016-08-03', 9, '2016-08-03 23:42:50'),
(286, 28, 5, 17, '2016-08-03', 7, '2016-08-03 11:26:34'),
(108, 93, 5, 9, '2016-09-16', 10, '2016-09-16 00:39:59'),
(668, 60, 7, 46, '2016-07-13', 3, '2016-07-13 04:56:43'),
(974, 16, 3, 10, '2016-07-28', 6, '2016-07-28 03:32:27'),
(918, 18, 10, 4, '2016-07-19', 2, '2016-07-19 09:41:58'),
(283, 57, 7, 5, '2016-08-11', 6, '2016-08-11 05:31:50'),
(712, 10, 2, 6, '2016-07-13', 4, '2016-07-13 01:42:33'),
(574, 39, 4, 37, '2016-10-19', 10, '2016-10-19 01:05:28'),
(603, 69, 6, 14, '2016-09-30', 9, '2016-09-30 02:55:41'),
(125, 99, 10, 7, '2016-09-18', 7, '2016-09-18 01:59:59'),
(150, 89, 9, 28, '2016-09-14', 5, '2016-09-14 11:14:39'),
(443, 61, 4, 28, '2016-10-10', 3, '2016-10-10 00:21:30'),
(287, 18, 7, 21, '2016-07-30', 2, '2016-07-30 14:21:58'),
(899, 100, 7, 7, '2016-10-19', 9, '2016-10-19 17:41:39'),
(750, 14, 6, 11, '2016-09-29', 10, '2016-09-29 10:53:28'),
(868, 97, 5, 6, '2016-07-23', 3, '2016-07-23 16:45:42'),
(590, 87, 6, 7, '2016-08-27', 4, '2016-08-27 18:45:06'),
(583, 78, 10, 23, '2016-09-28', 9, '2016-09-28 04:38:08'),
(106, 88, 2, 19, '2016-09-28', 7, '2016-09-28 12:32:48'),
(361, 34, 6, 29, '2016-08-29', 6, '2016-08-29 13:27:56'),
(726, 83, 6, 31, '2016-08-14', 3, '2016-08-14 08:10:53'),
(777, 28, 8, 41, '2016-10-01', 8, '2016-10-01 02:40:43'),
(516, 40, 2, 15, '2016-09-05', 2, '2016-09-05 02:29:01'),
(355, 92, 3, 4, '2016-09-05', 2, '2016-09-05 08:09:24'),
(92, 81, 3, 22, '2016-08-05', 8, '2016-08-05 14:11:37'),
(778, 48, 2, 23, '2016-09-27', 8, '2016-09-27 12:16:39'),
(68, 27, 6, 5, '2016-09-05', 9, '2016-09-05 18:31:52'),
(303, 53, 8, 40, '2016-08-19', 7, '2016-08-19 04:41:55'),
(301, 71, 6, 26, '2016-09-30', 7, '2016-09-30 09:53:16'),
(116, 74, 1, 38, '2016-09-25', 10, '2016-09-25 00:01:12'),
(215, 6, 7, 4, '2016-07-17', 8, '2016-07-17 22:12:08'),
(426, 74, 1, 36, '2016-10-09', 8, '2016-10-09 12:27:01'),
(683, 3, 2, 50, '2016-09-10', 10, '2016-09-10 19:06:14'),
(98, 52, 1, 27, '2016-07-22', 6, '2016-07-22 08:25:40'),
(812, 58, 7, 37, '2016-10-15', 4, '2016-10-15 00:16:05'),
(970, 30, 7, 13, '2016-10-18', 10, '2016-10-18 06:28:03'),
(390, 46, 4, 5, '2016-08-15', 10, '2016-08-15 07:38:53'),
(309, 4, 6, 1, '2016-09-23', 7, '2016-09-23 03:08:07'),
(507, 97, 4, 8, '2016-10-13', 5, '2016-10-13 20:41:37'),
(244, 90, 4, 37, '2016-09-20', 9, '2016-09-20 08:41:03'),
(205, 76, 1, 26, '2016-10-11', 4, '2016-10-11 18:45:17'),
(145, 90, 3, 41, '2016-08-29', 5, '2016-08-29 20:28:36'),
(290, 3, 7, 5, '2016-10-05', 2, '2016-10-05 06:47:39'),
(365, 14, 8, 16, '2016-08-07', 5, '2016-08-07 21:25:35'),
(916, 58, 9, 1, '2016-09-11', 7, '2016-09-11 04:25:30'),
(104, 52, 5, 6, '2016-07-18', 8, '2016-07-18 10:49:01'),
(850, 89, 3, 7, '2016-10-17', 8, '2016-10-17 03:52:04'),
(227, 93, 4, 37, '2016-09-22', 10, '2016-09-22 03:13:52'),
(247, 72, 5, 28, '2016-09-24', 2, '2016-09-24 17:17:16'),
(740, 59, 7, 49, '2016-09-05', 1, '2016-09-05 04:53:48'),
(621, 1, 4, 5, '2016-10-17', 10, '2016-10-17 23:04:45'),
(428, 31, 8, 18, '2016-08-02', 2, '2016-08-02 11:34:19'),
(582, 40, 7, 28, '2016-08-17', 5, '2016-08-17 02:52:50'),
(958, 38, 3, 47, '2016-09-28', 9, '2016-09-28 15:49:27'),
(200, 96, 6, 10, '2016-09-20', 1, '2016-09-20 16:41:42'),
(869, 20, 2, 8, '2016-10-17', 3, '2016-10-17 04:30:52'),
(745, 20, 4, 25, '2016-08-02', 4, '2016-08-02 06:33:11'),
(892, 98, 8, 13, '2016-08-06', 6, '2016-08-06 16:15:11'),
(717, 17, 10, 14, '2016-10-18', 8, '2016-10-18 20:37:08'),
(542, 37, 4, 28, '2016-10-08', 10, '2016-10-08 14:03:29'),
(728, 48, 8, 44, '2016-09-22', 4, '2016-09-22 02:10:23'),
(288, 20, 8, 15, '2016-07-28', 9, '2016-07-28 12:13:43'),
(341, 28, 9, 50, '2016-07-13', 2, '2016-07-13 03:33:46'),
(560, 40, 9, 13, '2016-08-20', 2, '2016-08-20 19:56:49'),
(226, 19, 8, 8, '2016-07-25', 3, '2016-07-25 21:58:07'),
(856, 18, 2, 31, '2016-08-28', 2, '2016-08-28 23:26:29'),
(421, 72, 4, 38, '2016-08-14', 9, '2016-08-14 02:59:27'),
(149, 91, 5, 3, '2016-10-15', 4, '2016-10-15 23:35:19'),
(792, 50, 6, 5, '2016-09-12', 5, '2016-09-12 00:17:08'),
(396, 82, 1, 29, '2016-09-07', 8, '2016-09-07 02:23:28'),
(637, 14, 7, 30, '2016-07-18', 9, '2016-07-18 08:43:02'),
(906, 23, 8, 28, '2016-09-25', 1, '2016-09-25 23:20:17'),
(681, 55, 1, 6, '2016-09-27', 6, '2016-09-27 02:57:54'),
(559, 66, 6, 26, '2016-08-19', 1, '2016-08-19 13:43:25'),
(470, 54, 6, 3, '2016-10-04', 10, '2016-10-04 23:02:57'),
(739, 100, 7, 21, '2016-08-18', 4, '2016-08-18 04:24:59'),
(244, 93, 4, 18, '2016-09-06', 5, '2016-09-06 08:50:43'),
(64, 52, 6, 15, '2016-08-10', 1, '2016-08-10 23:54:34'),
(200, 63, 4, 8, '2016-09-05', 3, '2016-09-05 21:52:40'),
(517, 23, 2, 25, '2016-08-19', 9, '2016-08-19 22:11:07'),
(257, 91, 2, 5, '2016-08-06', 9, '2016-08-06 10:05:40'),
(905, 29, 7, 45, '2016-09-01', 4, '2016-09-01 21:08:41'),
(432, 78, 10, 3, '2016-08-20', 6, '2016-08-20 21:25:46'),
(781, 74, 5, 18, '2016-08-18', 2, '2016-08-18 21:22:37'),
(583, 43, 9, 32, '2016-09-27', 1, '2016-09-27 00:42:42'),
(998, 30, 7, 12, '2016-08-30', 9, '2016-08-30 05:43:48'),
(803, 20, 9, 46, '2016-09-20', 8, '2016-09-20 19:42:37'),
(844, 79, 3, 31, '2016-07-15', 3, '2016-07-15 15:16:27'),
(895, 41, 6, 8, '2016-09-22', 7, '2016-09-22 00:44:20'),
(477, 63, 8, 8, '2016-08-25', 5, '2016-08-25 08:20:36'),
(357, 4, 8, 38, '2016-09-13', 6, '2016-09-13 13:05:53'),
(549, 72, 2, 18, '2016-10-11', 9, '2016-10-11 10:53:00'),
(173, 33, 10, 39, '2016-10-17', 1, '2016-10-17 07:35:43'),
(539, 53, 9, 10, '2016-08-20', 4, '2016-08-20 05:47:26'),
(909, 13, 2, 37, '2016-08-11', 4, '2016-08-11 08:55:14'),
(236, 40, 5, 9, '2016-10-01', 4, '2016-10-01 18:58:29'),
(357, 22, 8, 1, '2016-08-20', 10, '2016-08-20 00:30:17'),
(676, 5, 1, 15, '2016-09-26', 2, '2016-09-26 19:45:56'),
(360, 11, 2, 26, '2016-10-04', 4, '2016-10-04 00:08:40'),
(922, 89, 7, 2, '2016-08-24', 3, '2016-08-24 13:20:25'),
(390, 36, 6, 22, '2016-08-30', 1, '2016-08-30 16:22:49'),
(883, 19, 4, 4, '2016-09-07', 4, '2016-09-07 18:10:36'),
(925, 82, 3, 30, '2016-09-11', 1, '2016-09-11 00:22:58'),
(492, 82, 5, 19, '2016-09-03', 7, '2016-09-03 17:23:12'),
(243, 62, 4, 1, '2016-10-14', 6, '2016-10-14 13:16:34'),
(655, 26, 2, 19, '2016-10-03', 10, '2016-10-03 10:09:47'),
(524, 56, 7, 34, '2016-09-21', 2, '2016-09-21 20:13:24'),
(801, 6, 8, 13, '2016-09-01', 9, '2016-09-01 10:23:05'),
(751, 26, 1, 23, '2016-10-11', 8, '2016-10-11 22:56:45'),
(506, 62, 2, 9, '2016-07-16', 1, '2016-07-16 19:29:15'),
(962, 87, 5, 47, '2016-09-20', 2, '2016-09-20 19:13:20'),
(838, 8, 3, 26, '2016-09-09', 3, '2016-09-09 03:00:18'),
(377, 14, 3, 13, '2016-10-12', 5, '2016-10-12 07:20:21'),
(702, 52, 1, 30, '2016-07-13', 5, '2016-07-13 17:34:15'),
(430, 35, 2, 33, '2016-08-30', 4, '2016-08-30 19:50:41'),
(253, 87, 4, 19, '2016-09-18', 3, '2016-09-18 14:59:46'),
(13, 30, 7, 29, '2016-10-19', 10, '2016-10-19 19:44:22'),
(759, 42, 10, 23, '2016-07-25', 7, '2016-07-25 04:18:23'),
(299, 79, 3, 12, '2016-10-17', 9, '2016-10-17 21:17:25'),
(591, 93, 5, 17, '2016-09-25', 1, '2016-09-25 04:47:23'),
(192, 48, 3, 12, '2016-08-22', 8, '2016-08-22 22:18:30'),
(33, 7, 8, 10, '2016-08-22', 5, '2016-08-22 18:31:59'),
(770, 87, 8, 29, '2016-09-30', 3, '2016-09-30 19:40:24'),
(75, 35, 6, 49, '2016-09-20', 8, '2016-09-20 17:11:18'),
(86, 32, 9, 8, '2016-07-26', 5, '2016-07-26 10:58:20'),
(802, 16, 9, 41, '2016-07-23', 4, '2016-07-23 20:43:09'),
(888, 92, 1, 22, '2016-08-24', 4, '2016-08-24 01:03:13'),
(323, 5, 7, 25, '2016-08-31', 6, '2016-08-31 06:34:45'),
(455, 100, 3, 22, '2016-08-21', 10, '2016-08-21 19:37:19'),
(907, 81, 6, 17, '2016-09-20', 8, '2016-09-20 12:10:41'),
(640, 13, 7, 30, '2016-09-26', 2, '2016-09-26 02:36:21'),
(481, 54, 2, 44, '2016-09-28', 9, '2016-09-28 03:24:46'),
(457, 16, 2, 33, '2016-10-17', 7, '2016-10-17 09:52:16'),
(847, 4, 2, 11, '2016-08-19', 9, '2016-08-19 04:10:42'),
(29, 17, 7, 49, '2016-07-23', 9, '2016-07-23 17:05:03'),
(749, 11, 8, 41, '2016-07-12', 8, '2016-07-12 04:07:04'),
(1, 44, 9, 49, '2016-10-03', 2, '2016-10-03 19:22:40'),
(890, 24, 2, 49, '2016-08-12', 6, '2016-08-12 04:54:37'),
(58, 19, 10, 15, '2016-09-22', 4, '2016-09-22 10:28:07'),
(953, 10, 4, 44, '2016-10-01', 7, '2016-10-01 00:45:44'),
(724, 62, 4, 22, '2016-08-29', 7, '2016-08-29 09:11:50'),
(689, 7, 7, 7, '2016-08-26', 9, '2016-08-26 16:38:06'),
(369, 29, 8, 4, '2016-09-23', 5, '2016-09-23 10:05:22'),
(537, 18, 10, 6, '2016-09-04', 6, '2016-09-04 02:39:42'),
(842, 2, 7, 42, '2016-09-26', 8, '2016-09-26 03:00:04'),
(536, 45, 3, 27, '2016-09-28', 3, '2016-09-28 04:19:10'),
(478, 6, 3, 19, '2016-07-15', 6, '2016-07-15 22:20:56'),
(761, 16, 6, 33, '2016-08-30', 9, '2016-08-30 21:29:33'),
(717, 17, 6, 14, '2016-08-27', 4, '2016-08-27 09:21:05'),
(105, 61, 1, 34, '2016-09-13', 10, '2016-09-13 21:37:38'),
(141, 26, 9, 21, '2016-09-22', 5, '2016-09-22 18:51:42'),
(304, 18, 3, 23, '2016-09-08', 3, '2016-09-08 01:42:34'),
(470, 85, 6, 42, '2016-07-30', 8, '2016-07-30 06:34:04'),
(879, 28, 10, 48, '2016-07-21', 6, '2016-07-21 11:28:51'),
(232, 82, 3, 9, '2016-09-05', 1, '2016-09-05 22:46:00'),
(101, 100, 6, 13, '2016-10-18', 5, '2016-10-18 20:09:30'),
(835, 37, 9, 41, '2016-09-04', 3, '2016-09-04 15:22:27'),
(634, 31, 5, 11, '2016-10-05', 9, '2016-10-05 12:57:54'),
(814, 3, 10, 22, '2016-07-15', 5, '2016-07-15 04:22:35'),
(678, 75, 8, 21, '2016-07-21', 3, '2016-07-21 10:08:07'),
(302, 59, 6, 35, '2016-07-12', 9, '2016-07-12 01:53:39'),
(703, 52, 2, 35, '2016-08-06', 7, '2016-08-06 13:52:25'),
(122, 33, 5, 24, '2016-10-06', 6, '2016-10-06 19:11:36'),
(3, 74, 5, 11, '2016-07-14', 9, '2016-07-14 22:30:30'),
(293, 28, 2, 7, '2016-09-29', 3, '2016-09-29 14:21:59'),
(564, 10, 10, 34, '2016-08-27', 3, '2016-08-27 02:59:35'),
(762, 6, 2, 27, '2016-09-25', 7, '2016-09-25 04:33:53'),
(446, 17, 2, 46, '2016-09-29', 5, '2016-09-29 22:44:39'),
(359, 56, 9, 10, '2016-08-04', 7, '2016-08-04 12:12:49'),
(333, 95, 3, 39, '2016-09-25', 8, '2016-09-25 20:32:36'),
(73, 3, 7, 39, '2016-09-26', 3, '2016-09-26 22:49:20'),
(101, 52, 1, 7, '2016-10-14', 10, '2016-10-14 10:20:34'),
(130, 12, 1, 30, '2016-09-09', 10, '2016-09-09 05:03:32'),
(568, 28, 1, 29, '2016-10-10', 1, '2016-10-10 05:09:11'),
(119, 46, 4, 48, '2016-10-08', 10, '2016-10-08 17:22:19'),
(156, 86, 9, 12, '2016-09-08', 1, '2016-09-08 17:11:50'),
(690, 23, 1, 47, '2016-09-29', 6, '2016-09-29 02:06:36'),
(841, 5, 9, 7, '2016-07-16', 6, '2016-07-16 13:55:58'),
(931, 16, 3, 32, '2016-08-15', 1, '2016-08-15 04:33:52'),
(533, 55, 4, 39, '2016-08-18', 10, '2016-08-18 22:22:06'),
(630, 78, 5, 39, '2016-10-02', 4, '2016-10-02 03:21:01'),
(371, 38, 8, 3, '2016-09-23', 7, '2016-09-23 06:05:15'),
(778, 69, 2, 3, '2016-10-12', 5, '2016-10-12 20:37:23'),
(9, 32, 5, 16, '2016-07-20', 9, '2016-07-20 15:34:13'),
(375, 56, 8, 3, '2016-07-25', 10, '2016-07-25 20:27:14'),
(864, 42, 2, 8, '2016-08-14', 1, '2016-08-14 09:17:16'),
(466, 82, 3, 50, '2016-07-12', 8, '2016-07-12 14:30:07'),
(734, 18, 4, 33, '2016-08-07', 8, '2016-08-07 08:21:28'),
(623, 7, 6, 15, '2016-09-11', 5, '2016-09-11 02:46:37'),
(224, 49, 9, 15, '2016-09-01', 5, '2016-09-01 09:16:26'),
(884, 19, 5, 44, '2016-07-13', 10, '2016-07-13 05:55:32'),
(704, 48, 5, 1, '2016-09-21', 1, '2016-09-21 15:16:47'),
(20, 88, 10, 37, '2016-07-18', 6, '2016-07-18 12:57:05'),
(467, 30, 9, 31, '2016-07-30', 3, '2016-07-30 19:00:04'),
(927, 66, 5, 23, '2016-07-16', 9, '2016-07-16 13:24:32'),
(893, 60, 4, 44, '2016-08-30', 6, '2016-08-30 16:04:01'),
(649, 5, 4, 9, '2016-09-03', 9, '2016-09-03 13:11:29'),
(52, 12, 10, 6, '2016-07-24', 1, '2016-07-24 11:31:29'),
(956, 33, 10, 9, '2016-08-17', 7, '2016-08-17 00:26:50'),
(179, 78, 3, 49, '2016-09-10', 7, '2016-09-10 05:33:07'),
(297, 48, 2, 39, '2016-08-22', 5, '2016-08-22 15:28:34'),
(129, 32, 10, 12, '2016-10-10', 9, '2016-10-10 08:16:11'),
(834, 63, 9, 37, '2016-08-26', 2, '2016-08-26 06:10:22'),
(330, 10, 7, 9, '2016-07-18', 2, '2016-07-18 03:18:21'),
(215, 73, 7, 34, '2016-08-19', 2, '2016-08-19 00:38:26'),
(575, 53, 6, 9, '2016-09-20', 1, '2016-09-20 03:07:09'),
(52, 62, 3, 20, '2016-07-18', 6, '2016-07-18 05:34:32'),
(56, 95, 2, 15, '2016-09-21', 3, '2016-09-21 20:48:45'),
(573, 32, 1, 32, '2016-09-10', 7, '2016-09-10 18:46:47'),
(725, 5, 7, 31, '2016-09-15', 5, '2016-09-15 12:16:48'),
(746, 41, 1, 10, '2016-09-28', 1, '2016-09-28 00:46:58'),
(12, 21, 2, 37, '2016-09-04', 2, '2016-09-04 21:12:37'),
(183, 82, 2, 3, '2016-08-26', 1, '2016-08-26 03:14:37'),
(257, 59, 4, 23, '2016-10-01', 10, '2016-10-01 19:04:36'),
(544, 1, 2, 34, '2016-07-30', 9, '2016-07-30 09:04:13'),
(304, 49, 3, 18, '2016-08-23', 8, '2016-08-23 12:51:09'),
(188, 52, 7, 37, '2016-07-31', 4, '2016-07-31 04:22:21'),
(781, 32, 1, 16, '2016-09-26', 2, '2016-09-26 14:35:36'),
(610, 56, 1, 42, '2016-10-04', 3, '2016-10-04 22:39:52'),
(950, 38, 10, 26, '2016-07-16', 9, '2016-07-16 05:48:44'),
(725, 16, 8, 44, '2016-10-17', 10, '2016-10-17 22:09:34'),
(291, 76, 4, 9, '2016-09-04', 9, '2016-09-04 00:22:09'),
(711, 21, 5, 21, '2016-10-07', 3, '2016-10-07 14:00:49'),
(779, 8, 1, 7, '2016-08-27', 1, '2016-08-27 05:24:11'),
(757, 47, 4, 3, '2016-09-26', 6, '2016-09-26 10:56:49'),
(148, 24, 1, 19, '2016-08-27', 8, '2016-08-27 13:03:09'),
(730, 26, 4, 33, '2016-10-01', 3, '2016-10-01 10:01:30'),
(553, 39, 7, 44, '2016-08-27', 2, '2016-08-27 22:53:46'),
(320, 97, 9, 25, '2016-08-18', 10, '2016-08-18 02:42:36'),
(637, 18, 8, 34, '2016-07-13', 2, '2016-07-13 09:11:45'),
(801, 54, 6, 31, '2016-10-02', 2, '2016-10-02 00:24:51'),
(911, 44, 10, 33, '2016-10-18', 3, '2016-10-18 08:32:31'),
(947, 51, 6, 3, '2016-09-22', 1, '2016-09-22 00:27:24'),
(394, 4, 10, 50, '2016-08-26', 9, '2016-08-26 07:18:03'),
(316, 11, 3, 7, '2016-09-14', 1, '2016-09-14 00:07:47'),
(488, 74, 2, 3, '2016-07-18', 6, '2016-07-18 13:12:57'),
(324, 42, 7, 39, '2016-08-22', 2, '2016-08-22 03:27:33'),
(292, 39, 9, 32, '2016-10-11', 6, '2016-10-11 20:00:26'),
(681, 58, 7, 28, '2016-09-19', 5, '2016-09-19 03:30:50'),
(116, 43, 3, 13, '2016-08-22', 2, '2016-08-22 00:36:46'),
(839, 89, 5, 7, '2016-08-03', 4, '2016-08-03 08:09:37'),
(96, 80, 6, 25, '2016-08-22', 5, '2016-08-22 17:31:15'),
(844, 10, 6, 34, '2016-10-06', 10, '2016-10-06 09:28:52'),
(568, 72, 1, 17, '2016-08-16', 3, '2016-08-16 20:05:22'),
(857, 8, 7, 31, '2016-09-29', 4, '2016-09-29 21:53:07'),
(834, 60, 4, 49, '2016-10-13', 1, '2016-10-13 23:22:32'),
(751, 60, 5, 35, '2016-09-23', 7, '2016-09-23 09:18:55'),
(836, 71, 10, 9, '2016-09-22', 3, '2016-09-22 16:15:31'),
(455, 52, 1, 6, '2016-09-18', 8, '2016-09-18 03:09:57'),
(880, 51, 10, 50, '2016-08-18', 1, '2016-08-18 02:55:04'),
(576, 21, 2, 2, '2016-07-28', 1, '2016-07-28 11:24:52'),
(54, 58, 1, 22, '2016-08-18', 3, '2016-08-18 06:08:02'),
(715, 57, 9, 35, '2016-09-21', 8, '2016-09-21 12:27:34'),
(781, 8, 8, 16, '2016-08-11', 6, '2016-08-11 08:52:07'),
(133, 90, 1, 14, '2016-09-04', 6, '2016-09-04 21:18:16'),
(218, 32, 10, 2, '2016-10-06', 8, '2016-10-06 17:26:26'),
(906, 71, 8, 17, '2016-07-17', 1, '2016-07-17 20:25:04'),
(85, 88, 6, 4, '2016-09-27', 2, '2016-09-27 03:20:05'),
(763, 12, 8, 18, '2016-10-07', 8, '2016-10-07 05:15:02'),
(884, 44, 9, 40, '2016-10-01', 10, '2016-10-01 15:07:38'),
(187, 28, 5, 18, '2016-08-24', 9, '2016-08-24 11:04:27'),
(9, 40, 3, 13, '2016-07-19', 4, '2016-07-19 10:27:23'),
(5, 53, 6, 27, '2016-08-22', 5, '2016-08-22 03:57:19'),
(204, 90, 6, 43, '2016-10-06', 2, '2016-10-06 12:16:23'),
(497, 7, 7, 9, '2016-07-16', 4, '2016-07-16 18:08:04'),
(316, 19, 4, 3, '2016-09-11', 5, '2016-09-11 10:45:11'),
(451, 96, 2, 34, '2016-08-21', 4, '2016-08-21 03:01:30'),
(514, 54, 9, 26, '2016-10-14', 3, '2016-10-14 06:37:04'),
(940, 58, 1, 24, '2016-08-07', 7, '2016-08-07 11:27:45'),
(871, 75, 7, 15, '2016-08-03', 7, '2016-08-03 11:02:14'),
(527, 86, 7, 47, '2016-09-17', 3, '2016-09-17 23:32:48'),
(164, 38, 10, 11, '2016-09-23', 5, '2016-09-23 07:08:04'),
(206, 44, 7, 38, '2016-08-29', 8, '2016-08-29 07:11:31'),
(944, 37, 10, 40, '2016-09-10', 8, '2016-09-10 16:16:11'),
(562, 64, 8, 27, '2016-10-07', 1, '2016-10-07 03:19:16'),
(365, 10, 7, 34, '2016-09-04', 9, '2016-09-04 20:06:02'),
(400, 44, 3, 26, '2016-07-30', 1, '2016-07-30 00:16:21'),
(411, 59, 2, 30, '2016-09-04', 7, '2016-09-04 17:07:25'),
(737, 33, 6, 11, '2016-08-06', 8, '2016-08-06 21:47:48'),
(79, 82, 7, 9, '2016-10-13', 1, '2016-10-13 11:54:54'),
(855, 33, 10, 31, '2016-08-13', 9, '2016-08-13 13:53:54'),
(347, 74, 5, 45, '2016-09-03', 10, '2016-09-03 03:46:06'),
(515, 15, 1, 10, '2016-10-13', 6, '2016-10-13 05:06:04'),
(538, 90, 3, 7, '2016-09-30', 1, '2016-09-30 11:12:18'),
(319, 47, 7, 46, '2016-07-25', 7, '2016-07-25 06:05:31'),
(280, 93, 3, 20, '2016-08-05', 1, '2016-08-05 13:36:47'),
(330, 20, 9, 46, '2016-07-17', 4, '2016-07-17 09:30:00'),
(959, 68, 7, 32, '2016-07-27', 10, '2016-07-27 15:10:19'),
(910, 68, 8, 5, '2016-09-25', 8, '2016-09-25 06:11:30'),
(75, 40, 4, 28, '2016-07-17', 1, '2016-07-17 03:45:07'),
(699, 37, 10, 26, '2016-09-01', 7, '2016-09-01 20:17:51'),
(430, 42, 9, 36, '2016-08-24', 6, '2016-08-24 20:03:11'),
(511, 61, 1, 12, '2016-09-10', 4, '2016-09-10 11:49:00'),
(710, 66, 9, 32, '2016-08-11', 2, '2016-08-11 13:11:01'),
(744, 87, 9, 18, '2016-09-16', 1, '2016-09-16 07:32:19'),
(711, 91, 10, 46, '2016-10-18', 1, '2016-10-18 14:36:03'),
(177, 7, 3, 13, '2016-09-23', 3, '2016-09-23 16:03:15'),
(946, 68, 10, 25, '2016-08-17', 8, '2016-08-17 23:22:59'),
(858, 2, 4, 11, '2016-10-04', 4, '2016-10-04 12:48:28'),
(252, 1, 5, 21, '2016-08-05', 2, '2016-08-05 23:19:36'),
(587, 38, 1, 8, '2016-09-02', 4, '2016-09-02 03:25:12'),
(272, 83, 8, 47, '2016-08-04', 10, '2016-08-04 14:31:27'),
(159, 74, 9, 5, '2016-08-21', 9, '2016-08-21 20:31:06'),
(617, 43, 3, 16, '2016-10-01', 10, '2016-10-01 17:57:33'),
(281, 72, 2, 48, '2016-09-21', 7, '2016-09-21 18:41:39'),
(342, 24, 7, 46, '2016-07-24', 10, '2016-07-24 01:14:01'),
(846, 20, 4, 8, '2016-08-30', 9, '2016-08-30 08:38:21'),
(161, 45, 3, 13, '2016-08-21', 7, '2016-08-21 23:19:19'),
(559, 5, 7, 48, '2016-10-18', 6, '2016-10-18 08:57:30'),
(183, 61, 9, 11, '2016-08-15', 10, '2016-08-15 09:38:25'),
(177, 65, 9, 16, '2016-07-29', 4, '2016-07-29 06:36:48'),
(388, 83, 7, 33, '2016-07-25', 5, '2016-07-25 03:16:38'),
(414, 43, 6, 36, '2016-09-22', 6, '2016-09-22 06:49:32'),
(250, 36, 9, 47, '2016-08-24', 4, '2016-08-24 20:45:51'),
(436, 78, 5, 32, '2016-09-14', 6, '2016-09-14 17:59:39'),
(711, 62, 2, 45, '2016-10-18', 6, '2016-10-18 19:29:53'),
(884, 86, 5, 45, '2016-08-23', 8, '2016-08-23 13:30:35'),
(112, 86, 7, 31, '2016-08-13', 7, '2016-08-13 20:45:25'),
(525, 59, 8, 1, '2016-08-27', 10, '2016-08-27 14:15:56'),
(504, 79, 5, 13, '2016-07-22', 3, '2016-07-22 09:03:49'),
(795, 82, 7, 36, '2016-08-08', 5, '2016-08-08 17:27:39'),
(98, 95, 2, 23, '2016-10-14', 4, '2016-10-14 20:46:08'),
(680, 42, 9, 43, '2016-07-31', 9, '2016-07-31 00:49:23'),
(539, 68, 6, 7, '2016-09-09', 4, '2016-09-09 13:10:03'),
(630, 91, 5, 35, '2016-08-23', 2, '2016-08-23 05:35:13'),
(778, 59, 3, 31, '2016-10-02', 1, '2016-10-02 20:54:54'),
(837, 85, 6, 42, '2016-08-15', 6, '2016-08-15 18:31:27'),
(437, 74, 4, 33, '2016-08-07', 1, '2016-08-07 21:05:44'),
(634, 39, 7, 35, '2016-07-12', 1, '2016-07-12 05:11:29'),
(712, 79, 1, 35, '2016-09-02', 4, '2016-09-02 17:32:39'),
(792, 62, 8, 11, '2016-08-03', 3, '2016-08-03 12:17:13'),
(865, 63, 7, 13, '2016-09-12', 8, '2016-09-12 16:03:27'),
(155, 41, 2, 38, '2016-07-30', 3, '2016-07-30 06:03:32'),
(741, 16, 9, 12, '2016-09-07', 6, '2016-09-07 02:07:37'),
(237, 64, 9, 33, '2016-10-16', 5, '2016-10-16 06:48:40'),
(285, 48, 2, 35, '2016-09-20', 6, '2016-09-20 07:45:20'),
(591, 99, 6, 10, '2016-08-29', 2, '2016-08-29 01:56:25'),
(983, 16, 3, 45, '2016-08-12', 7, '2016-08-12 05:18:15'),
(971, 56, 6, 30, '2016-08-28', 6, '2016-08-28 09:24:48'),
(618, 19, 7, 38, '2016-09-28', 6, '2016-09-28 06:36:14'),
(920, 40, 9, 2, '2016-10-12', 8, '2016-10-12 15:01:45'),
(405, 80, 2, 3, '2016-08-25', 3, '2016-08-25 07:19:34'),
(553, 16, 6, 48, '2016-09-13', 2, '2016-09-13 19:21:05'),
(535, 83, 7, 21, '2016-08-23', 10, '2016-08-23 12:42:53'),
(723, 97, 9, 30, '2016-10-17', 1, '2016-10-17 13:57:07'),
(191, 71, 4, 23, '2016-09-25', 5, '2016-09-25 19:43:59'),
(463, 23, 4, 21, '2016-09-27', 1, '2016-09-27 14:48:17'),
(476, 12, 1, 34, '2016-07-13', 3, '2016-07-13 13:19:05'),
(716, 92, 2, 24, '2016-07-31', 2, '2016-07-31 08:35:07'),
(969, 86, 10, 47, '2016-07-19', 5, '2016-07-19 08:46:06'),
(722, 22, 6, 21, '2016-09-23', 5, '2016-09-23 07:34:49'),
(136, 77, 1, 29, '2016-08-14', 7, '2016-08-14 02:23:27'),
(848, 16, 2, 21, '2016-10-17', 10, '2016-10-17 00:25:44'),
(638, 31, 3, 31, '2016-10-07', 8, '2016-10-07 00:36:06'),
(314, 3, 7, 12, '2016-10-18', 10, '2016-10-18 13:07:05'),
(495, 50, 9, 45, '2016-09-25', 1, '2016-09-25 12:14:38'),
(177, 23, 2, 50, '2016-08-08', 6, '2016-08-08 19:13:56'),
(781, 50, 6, 37, '2016-10-05', 3, '2016-10-05 11:53:19'),
(612, 16, 5, 11, '2016-07-13', 9, '2016-07-13 12:23:51'),
(881, 1, 3, 7, '2016-08-27', 6, '2016-08-27 09:14:45'),
(660, 91, 7, 2, '2016-09-03', 5, '2016-09-03 10:44:49'),
(471, 70, 10, 27, '2016-07-23', 4, '2016-07-23 18:13:30'),
(740, 63, 4, 37, '2016-10-11', 4, '2016-10-11 14:29:36'),
(461, 88, 7, 38, '2016-08-09', 8, '2016-08-09 08:22:59'),
(205, 38, 10, 37, '2016-10-15', 3, '2016-10-15 14:41:47'),
(256, 76, 8, 29, '2016-09-06', 4, '2016-09-06 04:55:17'),
(376, 66, 10, 5, '2016-09-24', 3, '2016-09-24 03:09:37'),
(563, 38, 10, 27, '2016-10-19', 6, '2016-10-19 15:22:47'),
(30, 92, 5, 31, '2016-08-11', 2, '2016-08-11 11:56:57'),
(341, 28, 9, 38, '2016-09-18', 5, '2016-09-18 15:32:21'),
(162, 59, 1, 21, '2016-07-13', 10, '2016-07-13 20:50:49');

